district_id,district_name,state_name,health_subscore,education_subscore,priority_index,priority_tier,dominant_driver,institutional_births_pct,full_immunization_pct,household_sanitation_pct,health_insurance_pct,overall_literacy,pct_schools_electricity,pct_schools_water,pct_schools_road_connected,stunted_pct,wasted_pct,underweight_pct,child_anaemia_pct,dropout_rate_pct,true_pupil_teacher_ratio,literacy_gender_gap,dropout_gender_gap,toilet_gender_gap,pct_sc_population,pct_st_population,primary_pupil_teacher_ratio,predicted_tier,prediction_correct
104,SITAMARHI,BIHAR,22.067387687188017,28.618968386023294,25.343178036605657,Low,Education-driven,64.40,66.60,50.70,20.70,53.53,27.70,97.00,80.00,54.20,16.20,40.80,70.00,0.55,64.05,19.16,-0.17,43,11.85,0.09,1857.00,Low,true
88,MADHEPURA,BIHAR,18.55241264559068,26.89961175818081,22.726012201885744,Low,Education-driven,75.00,72.00,34.60,9.50,53.78,32.50,97.30,92.10,46.30,20.60,43.50,67.70,1.31,63.19,21.07,-0.35,119,17.30,0.63,1102.00,Low,true
103,SHEOHAR,BIHAR,18.69800332778702,22.795341098169718,20.746672212978368,Low,Both equally,74.30,62.90,57.90,18.10,56.00,32.30,88.80,87.10,34.40,35.40,42.20,73.10,1.15,62.07,16.47,-0.45,-9,14.73,0.05,379.00,Low,true
96,PURBA CHAMPARAN,BIHAR,26.247920133111485,28.53577371048253,27.391846921797008,Low,Both equally,61.50,68.30,48.30,19.40,58.26,22.80,87.00,90.60,49.10,16.80,37.90,61.00,0.53,60.04,20.66,-0.18,-34,12.74,0.24,2677.00,Low,true
85,KHAGARIA,BIHAR,26.455906821963396,24.847476428175266,25.651691625069333,Low,Both equally,74.20,64.70,65.00,15.60,60.87,31.90,95.80,69.80,34.80,25.30,36.40,67.10,0.92,59.12,16.35,-0.65,2,14.83,0.04,852.00,Low,true
97,PURNIA,BIHAR,13.103161397670547,27.565169162506933,20.33416528008874,Low,Education-driven,68.90,62.70,35.60,10.20,52.49,36.20,97.10,83.30,43.50,25.80,47.10,68.00,0.95,58.74,17.90,-0.26,-12,11.98,4.27,2029.00,Low,true
648,LUCKNOW,UTTAR PRADESH,55.802828618968384,56.9883527454243,56.39559068219634,Medium,Both equally,91.30,68.90,80.40,15.80,79.33,59.90,99.40,96.10,32.10,11.50,25.50,52.90,0.39,57.74,10.39,-0.04,86,20.66,0.16,2091.00,Medium,true
94,PASHCHIM CHAMPARAN,BIHAR,33.277870216306155,33.361064891846915,33.31946755407654,Low,Both equally,79.50,62.10,43.30,20.00,58.06,33.30,94.20,92.90,43.50,13.20,30.30,61.60,0.71,57.39,21.37,-0.20,-4,14.08,6.35,2265.00,Low,true
79,GAYA,BIHAR,17.803660565723796,26.76095396561287,22.282307265668333,Low,Education-driven,76.60,85.00,44.40,9.70,66.35,29.90,94.10,71.90,47.40,24.30,43.50,76.70,0.85,57.29,20.12,-0.22,196,30.39,0.07,2507.00,Low,true
73,BANKA,BIHAR,18.01164725457571,18.275097060454797,18.143372157515252,Low,Both equally,79.80,88.10,38.20,13.60,60.12,23.90,91.40,77.70,46.70,26.90,45.80,77.80,1.23,54.51,20.36,-0.33,41,12.18,4.44,1588.00,Low,true
89,MADHUBANI,BIHAR,26.03993344425957,33.86023294509152,29.950083194675543,Low,Education-driven,73.70,74.10,38.20,19.20,60.90,31.70,95.00,90.60,43.30,17.10,36.00,71.00,0.56,54.35,24.23,-0.16,1,13.09,0.09,2283.00,Low,true
100,SAMASTIPUR,BIHAR,23.960066555740433,35.69051580698836,29.825291181364395,Low,Education-driven,83.40,71.40,48.80,19.00,63.81,41.70,89.70,96.00,44.00,21.30,42.80,67.20,0.88,53.97,19.57,-0.24,52,18.85,0.04,2066.00,Low,true
611,BALRAMPUR,UTTAR PRADESH,15.74459234608985,34.88630061009429,25.31544647809207,Low,Education-driven,69.70,57.40,59.70,13.00,51.76,15.70,98.00,94.20,41.20,24.90,37.20,75.40,0.22,53.37,20.74,-0.07,19,12.90,1.16,1463.00,Low,true
84,KATIHAR,BIHAR,17.949251247920134,29.118136439267886,23.53369384359401,Low,Education-driven,66.90,73.70,44.60,8.40,53.56,26.10,98.60,84.60,43.90,23.50,48.10,65.60,0.82,53.22,15.62,-0.25,-26,8.57,5.86,1500.00,Low,true
74,BEGUSARAI,BIHAR,25.249584026622294,39.62839711591791,32.438990571270104,Low,Education-driven,86.00,65.80,62.20,13.20,66.23,34.00,98.90,93.40,37.80,21.00,35.60,74.50,0.80,52.58,17.26,-0.09,4,14.55,0.05,1035.00,Low,true
102,SHEIKHPURA,BIHAR,26.4351081530782,21.186910704381585,23.811009428729893,Low,Health-driven,89.20,82.80,54.20,9.70,65.96,40.30,90.20,78.30,53.60,16.30,37.60,80.10,1.63,52.31,21.21,-0.31,1,20.60,0.10,390.00,Low,true
629,GHAZIABAD,UTTAR PRADESH,53.43178036605657,67.47088186356073,60.45133111480865,Medium,Education-driven,86.40,68.50,84.50,20.00,85.00,75.30,100.00,99.10,28.20,17.10,23.40,61.80,0.41,51.87,6.74,-0.06,17,16.52,0.09,823.00,Medium,true
70,ARARIA,BIHAR,10.711314475873545,28.67443150305047,19.692872989462007,Low,Education-driven,66.20,61.60,32.20,19.50,55.10,34.60,88.80,86.20,49.90,23.90,47.80,75.80,0.67,51.77,18.97,-0.12,17,13.61,1.38,1704.00,Low,true
81,JAMUI,BIHAR,15.827787021630614,29.45091514143095,22.639351081530783,Low,Education-driven,73.40,66.40,37.60,14.30,62.16,30.70,86.60,87.50,43.00,19.40,37.50,81.90,0.67,51.6,24.33,-0.17,13,17.19,4.48,1324.00,Low,true
75,BHAGALPUR,BIHAR,19.321963394342763,36.88297282307266,28.10246810870771,Low,Education-driven,77.20,66.80,60.90,16.30,64.96,50.00,93.70,91.30,40.00,21.20,40.40,78.70,0.73,51.59,15.81,-0.25,35,10.49,2.21,1325.00,Low,true
234,GARHWA,JHARKHAND,36.148086522462556,22.046589018302836,29.097337770382694,Low,Health-driven,84.00,77.20,54.10,55.30,62.18,6.20,99.80,72.20,47.70,18.90,40.60,62.50,1.33,51.2,24.57,-0.15,23,24.19,15.56,1053.00,Low,true
72,AURANGABAD,BIHAR,23.73128119800333,29.645036051026068,26.6881586245147,Low,Education-driven,77.50,89.70,47.10,15.40,72.77,27.70,90.50,85.40,41.20,32.90,48.70,68.40,1.06,51.11,20.47,-0.14,82,24.10,0.04,1657.00,Low,true
91,MUZAFFARPUR,BIHAR,27.495840266222963,38.40820854132002,32.95202440377149,Low,Education-driven,72.50,74.90,55.20,13.20,65.68,46.50,95.90,92.70,42.60,19.90,34.70,64.60,0.80,51.03,16.79,-0.19,157,15.66,0.13,2309.00,Low,true
101,SARAN,BIHAR,15.952579034941763,36.18968386023294,26.07113144758735,Low,Education-driven,73.00,72.00,37.20,9.40,68.57,41.60,92.90,89.80,39.70,28.80,45.00,69.80,0.76,50.76,22.82,-0.24,89,12.00,0.93,1929.00,Low,true
106,SUPAUL,BIHAR,22.129783693843592,26.012201885745977,24.070992789794786,Low,Both equally,80.40,73.60,50.70,14.20,59.65,26.90,94.40,93.80,42.30,25.80,45.00,63.60,1.31,50.71,25.02,-0.19,16,15.89,0.46,1370.00,Low,true
671,SITAPUR,UTTAR PRADESH,27.12146422628952,41.458679977814754,34.290072102052136,Low,Education-driven,84.80,65.90,52.50,23.20,63.38,27.80,97.90,100.00,47.80,18.20,37.90,66.40,0.92,50.48,19.81,-0.08,30,32.26,0.04,2943.00,Low,true
93,NAWADA,BIHAR,20.96505823627288,34.1375485302274,27.55130338325014,Low,Education-driven,79.90,74.50,47.90,8.10,61.63,32.90,98.90,88.60,49.40,18.20,37.30,73.30,0.86,48.24,20.31,-0.11,-3,25.47,0.09,1210.00,Low,true
78,DARBHANGA,BIHAR,22.628951747088188,32.2240709927898,27.426511369938993,Low,Education-driven,69.90,66.30,48.70,25.30,58.26,38.10,96.60,82.50,45.40,19.30,39.20,68.90,0.65,48.04,21.70,-0.15,4,15.64,0.07,1785.00,Low,true
86,KISHANGANJ,BIHAR,18.282029950083196,26.40044370493622,22.341236827509707,Low,Education-driven,54.60,67.30,52.40,8.10,57.04,25.30,90.20,82.80,38.80,23.90,41.10,67.50,0.59,47.87,17.58,-0.21,-4,6.69,3.80,1195.00,Low,true
660,PRATAPGARH,UTTAR PRADESH,47.1089850249584,42.041042706600116,44.575013865779255,Medium,Health-driven,90.80,75.00,52.00,14.90,73.10,29.20,98.70,93.70,35.50,10.00,27.70,58.00,0.83,47.55,24.30,-0.12,40,22.10,0.02,1739.00,Medium,true
87,LAKHISARAI,BIHAR,13.955906821963397,31.780366056572376,22.868136439267886,Low,Education-driven,75.80,68.90,51.60,15.10,64.95,35.00,83.10,86.00,42.70,25.60,45.10,77.20,0.57,47.51,19.09,-0.12,3,15.31,0.83,552.00,Low,true
670,SIDDHARTHNAGAR,UTTAR PRADESH,16.430948419301167,32.00221852468109,24.21658347199113,Low,Education-driven,69.70,65.10,42.80,12.20,61.81,33.30,98.00,96.10,37.20,24.80,36.30,75.80,1.48,47.47,24.18,-0.37,28,15.97,0.47,1871.00,Low,true
250,SAHIBGANJ,JHARKHAND,19.592346089850253,14.864115363283416,17.228230726566835,Low,Both equally,64.70,66.00,43.20,34.80,53.73,8.80,84.50,47.70,49.10,19.70,44.80,72.60,0.95,47.3,18.34,-0.01,10,6.29,26.80,932.00,Low,true
77,BUXAR,BIHAR,22.400166389351085,34.3871325568497,28.393649473100393,Low,Education-driven,89.50,75.00,52.40,11.40,71.77,37.30,94.80,77.70,39.60,33.20,45.30,68.30,0.78,46.86,22.94,-0.26,11,14.75,1.57,784.00,Low,true
609,BAHRAICH,UTTAR PRADESH,18.21963394342762,33.58291735995564,25.901275651691627,Low,Education-driven,67.70,51.80,44.20,10.10,51.10,22.50,98.00,90.00,52.10,14.40,38.00,71.70,0.42,46.78,19.47,-0.12,40,14.60,0.32,2462.00,Low,true
83,KAIMUR (BHABUA),BIHAR,25.727953410981698,29.25679423183583,27.492373821408762,Low,Both equally,83.30,88.90,59.10,18.10,71.01,36.30,95.60,79.20,44.10,27.30,47.20,71.40,1.29,46.65,21.93,-0.43,51,22.69,3.57,777.00,Low,true
99,SAHARSA,BIHAR,18.011647254575706,20.854132002218524,19.432889628397113,Low,Both equally,70.40,72.20,40.50,12.80,54.57,35.30,91.70,80.10,47.80,20.50,42.70,69.30,1.31,46.51,22.49,-0.41,25,16.69,0.32,915.00,Low,true
608,BAGHPAT,UTTAR PRADESH,60.960898502495844,60.39933444259568,60.68011647254576,Medium,Both equally,80.90,83.90,87.00,12.50,73.54,69.30,100.00,98.20,25.50,10.30,26.00,60.20,0.43,45.71,22.95,0.02,20,11.44,0.00,494.00,Medium,true
90,MUNGER,BIHAR,28.556572379367722,32.97282307265668,30.7646977260122,Low,Both equally,93.20,73.40,62.80,15.20,73.30,25.20,99.70,76.60,35.50,26.70,39.50,74.30,1.20,45.61,14.53,-0.16,4,13.44,1.57,718.00,Low,true
662,RAMPUR,UTTAR PRADESH,38.415141430948424,42.65113699389905,40.533139212423734,Medium,Both equally,81.00,79.40,79.00,13.10,55.08,40.00,98.90,96.30,40.40,17.60,32.10,69.60,0.59,45.6,16.91,-0.26,18,13.18,0.02,1472.00,Medium,true
245,PALAMU,JHARKHAND,34.83777038269551,24.12645590682196,29.482113144758735,Low,Health-driven,74.90,80.90,46.30,55.80,65.50,6.70,92.40,39.40,43.70,18.40,37.30,68.20,0.51,45.26,22.40,-0.13,125,27.65,9.34,1799.00,Low,true
659,PILIBHIT,UTTAR PRADESH,43.198835274542425,48.47476428175264,45.83679977814754,Medium,Education-driven,76.20,92.30,76.80,21.40,63.58,42.50,99.90,99.30,38.90,20.10,39.40,57.30,0.92,44.81,21.03,0.09,22,16.42,0.08,1330.00,Medium,true
665,SANT KABIR NAGAR,UTTAR PRADESH,36.044093178036604,45.06378258458125,40.553937881308926,Medium,Education-driven,90.60,80.20,65.10,20.40,69.01,35.40,97.20,98.10,42.30,19.00,34.20,71.60,0.75,44.27,23.73,-0.13,32,21.52,0.09,819.00,Medium,true
71,ARWAL,BIHAR,21.401830282861894,28.50804215196894,24.954936217415415,Low,Education-driven,79.20,84.20,43.40,15.60,69.54,31.20,94.80,76.00,45.60,36.80,52.90,65.80,1.05,44.18,24.42,-0.41,19,20.16,0.08,348.00,Low,true
107,VAISHALI,BIHAR,22.358569051580698,46.11758180809761,34.23807542983916,Low,Education-driven,81.60,71.00,52.60,13.50,68.56,39.60,99.70,92.90,38.30,19.60,38.40,77.10,0.66,43.87,17.90,-0.19,18,21.12,0.07,1395.00,Low,true
669,SHRAWASTI,UTTAR PRADESH,22.19217970049917,28.25845812534664,25.225318912922905,Low,Education-driven,80.40,59.60,58.10,13.50,49.13,12.70,96.10,94.20,50.90,20.30,40.80,61.20,0.91,43.21,22.48,0.05,13,16.95,0.50,924.00,Low,true
654,MAU,UTTAR PRADESH,45.40349417637271,47.03272323904603,46.21810870770937,Medium,Both equally,94.70,59.10,75.10,16.00,75.16,46.80,99.30,86.30,25.40,21.20,30.30,62.70,0.63,43.19,19.02,-0.06,35,21.51,1.04,831.00,Medium,true
95,PATNA,BIHAR,25.457570715474212,43.78813089295618,34.6228508042152,Low,Education-driven,89.10,56.60,61.00,10.20,72.47,50.80,96.10,91.70,34.50,27.50,39.60,65.40,0.71,43.14,16.56,-0.17,45,15.77,0.16,2234.00,Low,true
98,ROHTAS,BIHAR,29.970881863560734,40.07210205213533,35.02149195784803,Low,Education-driven,89.10,86.80,69.00,17.20,75.59,42.30,97.40,84.50,40.00,31.80,48.20,70.30,0.93,42.3,20.34,-0.21,18,18.57,1.07,1429.00,Low,true
76,BHOJPUR,BIHAR,17.24209650582363,37.79811425402107,27.52010537992235,Low,Education-driven,86.90,61.90,45.90,9.60,72.79,25.40,97.50,87.20,40.70,31.30,44.00,67.70,0.75,42.25,23.88,-0.23,102,15.59,0.51,1200.00,Low,true
646,KUSHINAGAR,UTTAR PRADESH,37.89517470881863,40.23849140321686,39.06683305601774,Medium,Both equally,89.40,65.40,73.10,15.60,67.66,31.90,97.20,96.30,32.20,24.30,36.60,52.80,0.87,42.16,25.36,-0.27,36,15.27,2.25,2215.00,Medium,true
236,GODDA,JHARKHAND,22.3585690515807,13.17249029395452,17.76552967276761,Low,Health-driven,70.20,63.90,54.90,45.90,57.68,8.20,84.30,61.70,39.40,24.50,40.70,75.10,1.22,42.13,24.66,-0.41,-5,8.80,21.26,935.00,Low,true
615,BASTI,UTTAR PRADESH,36.60565723793677,48.114254021075986,42.35995562950637,Medium,Education-driven,93.20,73.80,64.20,15.80,69.69,52.10,100.00,96.90,35.90,24.20,39.20,58.40,1.17,41.7,22.30,-0.66,56,20.86,0.15,1457.00,Medium,true
235,GIRIDIH,JHARKHAND,36.00249584026622,23.68275097060455,29.842623405435383,Low,Health-driven,70.70,70.60,59.20,52.40,65.12,21.10,95.50,48.90,31.90,27.80,34.30,62.80,0.97,41.66,28.75,-0.24,17,13.31,9.74,2101.00,Low,true
617,BUDAUN,UTTAR PRADESH,22.462562396006653,40.626733222407104,31.54464780920688,Low,Education-driven,72.30,69.50,69.70,13.60,52.91,32.10,99.20,97.30,51.80,18.20,43.00,72.20,0.80,41.1,20.63,-0.19,27,16.91,0.00,1917.00,Low,true
232,DHANBAD,JHARKHAND,51.03993344425957,36.55019412090959,43.79506378258458,Medium,Health-driven,78.80,66.10,67.60,45.70,75.71,31.10,93.80,67.00,27.00,14.00,25.10,66.50,0.54,40.82,20.98,-0.16,26,16.29,8.68,911.00,Medium,true
242,LATEHAR,JHARKHAND,32.23793677204659,22.074320576816415,27.1561286744315,Low,Health-driven,70.30,75.00,51.40,52.20,61.23,6.10,93.70,34.20,40.10,19.20,39.40,68.30,0.63,40.71,21.54,-0.17,0,21.31,45.54,707.00,Low,true
80,GOPALGANJ,BIHAR,38.85191347753744,32.88962839711592,35.87077093732668,Low,Health-driven,85.90,75.80,60.10,12.70,67.04,41.70,91.90,82.70,34.20,21.50,29.20,56.10,0.80,40.56,22.35,-0.20,24,12.49,2.37,1062.00,Medium,false
635,HARDOI,UTTAR PRADESH,18.406821963394343,44.31503050471437,31.360926234054357,Low,Education-driven,73.90,63.30,55.70,16.00,68.89,22.80,99.60,92.60,44.50,22.30,33.00,76.10,0.23,40.54,18.03,-0.05,35,31.14,0.01,2927.00,Low,true
614,BAREILLY,UTTAR PRADESH,35.62811980033278,47.39323349972269,41.51067665002773,Medium,Education-driven,75.10,70.50,79.70,18.70,60.52,33.30,98.50,99.20,45.90,15.40,35.20,67.70,0.32,40.44,19.12,-0.08,36,12.53,0.07,2261.00,Medium,true
667,SHAHJAHANPUR,UTTAR PRADESH,27.807820299500833,39.93344425956739,33.87063227953411,Low,Education-driven,63.30,76.50,69.20,14.20,61.61,32.00,99.10,95.20,44.50,17.00,34.70,75.40,0.83,40.32,18.36,-0.11,20,17.72,0.02,2063.00,Low,true
645,KHERI,UTTAR PRADESH,33.21547420965059,37.52079866888519,35.368136439267886,Low,Both equally,82.80,69.50,65.60,22.00,62.71,29.70,99.00,97.00,47.60,15.80,36.30,66.30,1.17,40.28,18.96,-0.28,30,26.40,1.33,2589.00,Low,true
661,RAE BARELI,UTTAR PRADESH,32.196339434276204,46.17304492512479,39.1846921797005,Medium,Education-driven,89.50,71.40,55.00,16.80,69.04,41.40,98.00,93.80,47.00,13.00,28.80,76.40,0.45,40,21.33,-0.11,35,30.26,0.05,1454.00,Medium,true
672,SONBHADRA,UTTAR PRADESH,28.494176372712147,38.380476982806435,33.43732667775929,Low,Education-driven,76.80,72.70,70.60,19.70,66.18,20.20,95.10,94.00,38.30,26.80,46.50,63.00,0.30,39.93,23.08,-0.09,11,22.64,20.67,1653.00,Low,true
92,NALANDA,BIHAR,14.78785357737105,33.55518580144204,24.171519689406548,Low,Education-driven,80.30,75.20,52.50,12.80,66.41,41.80,94.00,80.30,42.60,27.80,46.70,80.30,0.76,39.24,22.35,-0.17,-171,21.12,0.05,1097.00,Low,true
231,DEOGHAR,JHARKHAND,25.478369384359404,22.906267332224072,24.192318358291736,Low,Both equally,61.30,54.50,41.60,53.80,66.34,15.50,98.40,60.30,41.70,17.70,36.90,73.90,1.23,39.03,26.74,-0.31,14,12.74,12.13,1091.00,Low,true
105,SIWAN,BIHAR,34.8377703826955,34.165280088740985,34.50152523571825,Low,Both equally,86.40,76.10,47.70,8.20,71.59,28.10,96.00,90.00,36.70,18.20,30.80,63.90,1.11,38.87,22.42,-0.38,8,11.61,2.61,1093.00,Low,true
642,KANPUR NAGAR,UTTAR PRADESH,36.25207986688852,64.58679977814752,50.41943982251802,Medium,Education-driven,86.60,72.80,77.50,16.10,81.31,46.10,100.00,99.50,34.60,21.40,27.80,76.30,0.54,38.84,8.18,-0.13,43,17.83,0.08,1310.00,Medium,true
628,GAUTAM BUDDHA NAGAR,UTTAR PRADESH,55.55324459234609,61.03716028840821,58.29520244037715,Medium,Education-driven,86.60,68.20,74.00,23.80,82.20,81.20,99.40,96.50,25.50,12.00,21.90,62.90,0.52,38.84,17.45,-0.09,24,13.11,0.13,612.00,Medium,true
619,CHANDAULI,UTTAR PRADESH,40.765391014975044,51.38657792567943,46.07598447032724,Medium,Education-driven,86.20,70.60,66.70,28.10,73.86,42.10,99.00,96.60,39.50,17.40,29.90,64.60,0.73,38.27,20.51,-0.14,36,22.88,2.14,1028.00,Medium,true
82,JEHANABAD,BIHAR,21.651414309484196,28.369384359401,25.010399334442596,Low,Education-driven,89.10,70.30,45.50,13.20,68.27,37.90,99.30,84.40,41.30,36.60,51.70,61.90,2.32,37.68,23.06,-0.77,19,19.81,0.11,487.00,Low,true
246,PASHCHIMI SINGHBHUM,JHARKHAND,22.379367720465893,13.449805879090405,17.91458679977815,Low,Health-driven,67.90,87.00,37.70,46.70,59.54,8.40,91.00,45.50,60.60,30.50,62.40,73.30,1.37,37.35,25.17,-0.18,87,3.79,67.32,1196.00,Low,true
656,MIRZAPUR,UTTAR PRADESH,44.32196339434277,45.341098169717135,44.83153078202995,Medium,Both equally,91.10,68.30,72.30,15.00,70.38,31.60,98.90,96.30,43.40,12.50,27.60,59.80,0.79,37.11,22.06,-0.20,27,26.48,0.81,1663.00,Medium,true
346,SINGRAULI,MADHYA PRADESH,36.75124792013311,22.795341098169715,29.773294509151413,Low,Health-driven,69.90,76.90,52.60,58.50,62.36,16.60,88.80,86.70,37.30,25.20,36.00,56.60,1.11,37.09,23.94,-0.28,-81,12.79,32.59,881.00,Low,true
620,CHITRAKOOT,UTTAR PRADESH,23.27371048252912,38.10316139767055,30.688435940099833,Low,Education-driven,81.10,63.70,56.70,17.40,66.52,37.90,96.10,93.10,47.50,24.80,41.80,55.30,0.90,36.97,23.39,-0.20,13,26.89,0.04,818.00,Low,true
630,GHAZIPUR,UTTAR PRADESH,22.358569051580698,48.86300610094287,35.610787576261785,Low,Education-driven,88.30,60.80,64.10,10.60,74.27,39.70,99.20,96.00,39.30,25.70,38.30,71.60,0.90,36.94,23.48,-0.31,59,20.07,0.79,2515.00,Low,true
637,JAUNPUR,UTTAR PRADESH,39.60066555740433,53.799223516361614,46.69994453688297,Medium,Education-driven,88.80,75.10,62.60,12.00,73.66,34.60,99.00,97.90,40.50,14.80,30.30,65.30,0.36,36.81,24.36,-0.06,61,22.04,0.11,2580.00,Medium,true
25,LONGDING,ARUNACHAL PRADESH,54.970881863560734,14.143094841930116,34.55698835274543,Low,Health-driven,64.50,52.70,83.50,23.80,null,24.00,74.00,86.00,15.80,20.60,13.80,38.40,1.88,36.54,null,-0.45,4,null,null,54.00,Medium,false
603,ALLAHABAD,UTTAR PRADESH,38.12396006655574,50.16638935108153,44.14517470881863,Medium,Education-driven,83.20,55.80,59.50,20.60,74.41,38.30,99.10,96.90,37.90,15.10,32.60,50.50,0.86,36.48,22.33,-0.30,67,22.00,0.13,2177.00,Medium,true
243,LOHARDAGA,JHARKHAND,37.85357737104826,16.472545757071547,27.163061564059902,Low,Health-driven,84.10,88.20,67.70,58.90,68.29,10.70,92.10,44.70,40.70,26.60,43.40,68.70,1.52,36.33,20.76,-0.25,9,3.32,56.90,348.00,Low,true
650,MAHOBA,UTTAR PRADESH,33.02828618968386,43.4830837493067,38.25568496949528,Medium,Education-driven,96.30,70.70,69.00,16.20,66.94,61.70,100.00,98.90,42.30,25.00,33.40,70.10,2.53,36.24,23.07,-0.28,-1,25.22,0.07,555.00,Medium,true
607,AZAMGARH,UTTAR PRADESH,46.58901830282862,52.07986688851913,49.33444259567388,Medium,Education-driven,93.20,64.50,72.80,9.00,72.69,34.70,99.70,96.00,33.40,14.40,28.00,58.90,0.51,36.17,20.43,-0.12,98,25.39,0.20,2128.00,Medium,true
230,CHATRA,JHARKHAND,33.23627287853577,15.058236272878537,24.147254575707155,Low,Health-driven,71.50,71.70,48.10,46.50,62.14,5.80,93.90,33.00,42.20,17.20,39.80,62.60,1.36,36.14,19.94,-0.45,10,32.66,4.37,968.00,Low,true
601,AGRA,UTTAR PRADESH,39.64226289517471,53.161397670549086,46.401830282861894,Medium,Education-driven,89.10,74.10,70.80,9.40,69.44,59.90,98.90,97.80,35.90,16.40,26.20,73.00,0.50,36.12,19.16,-0.17,46,22.43,0.16,1732.00,Medium,true
632,GORAKHPUR,UTTAR PRADESH,38.2071547420965,51.41430948419301,44.81073211314475,Medium,Education-driven,91.60,67.70,69.60,17.90,73.25,40.70,99.30,95.70,29.60,23.30,33.70,67.40,0.63,36.08,22.84,-0.12,60,21.08,0.41,1770.00,Medium,true
612,BANDA,UTTAR PRADESH,13.519134775374376,43.78813089295618,28.65363283416528,Low,Education-driven,89.80,62.90,59.30,13.30,68.11,28.40,100.00,92.80,51.00,25.70,49.80,82.20,0.87,36,24.43,-0.21,24,21.56,0.01,1045.00,Low,true
653,MATHURA,UTTAR PRADESH,42.63727121464226,47.61508596783139,45.12617859123682,Medium,Both equally,79.50,73.60,71.20,10.80,72.65,54.90,95.50,92.80,31.60,11.00,21.30,77.20,0.49,35.42,25.46,-0.13,20,19.89,0.06,947.00,Medium,true
241,KODARMA,JHARKHAND,47.42096505823628,33.77703826955075,40.59900166389352,Medium,Health-driven,91.30,73.80,54.00,56.80,68.35,17.00,93.50,97.00,34.60,18.00,31.70,60.00,1.14,35.22,26.48,-0.37,6,15.22,0.96,417.00,Medium,true
631,GONDA,UTTAR PRADESH,32.425124792013314,32.88962839711592,32.65737659456462,Low,Both equally,81.80,59.90,44.60,13.40,61.16,25.10,98.90,88.90,45.90,12.10,28.00,62.00,0.92,35.16,23.10,-0.23,44,15.49,0.03,2347.00,Low,true
321,INDORE,MADHYA PRADESH,57.79950083194675,52.93954520244039,55.36952301719357,Medium,Both equally,96.50,84.60,90.00,40.30,82.32,59.30,96.50,96.40,28.70,21.20,24.90,78.80,0.87,35.05,14.31,-0.16,31,16.64,6.64,962.00,Medium,true
644,KAUSHAMBI,UTTAR PRADESH,31.738768718802,33.832501386577924,32.78563505268996,Low,Both equally,88.60,65.70,59.60,20.20,63.69,49.40,96.30,98.10,40.20,18.30,36.80,65.50,2.29,34.98,24.59,-0.64,20,34.72,0.01,869.00,Low,true
682,HARDWAR,UTTARAKHAND,51.51830282861897,55.962285080421516,53.74029395452024,Medium,Both equally,79.80,76.50,69.80,46.60,74.62,87.10,98.30,94.40,31.10,16.40,27.00,63.10,0.32,34.82,16.30,-0.13,104,21.76,0.33,638.00,Medium,true
141,AHMADABAD,GUJARAT,46.734608985024956,72.04658901830283,59.39059900166389,Medium,Education-driven,94.50,65.20,86.40,36.20,86.65,100.00,100.00,99.00,35.50,17.50,34.00,72.00,0.80,34.52,12.15,-0.22,24,10.53,1.24,597.00,Medium,true
383,THANE,MAHARASTRA,43.635607321131445,63.39434276206322,53.51497504159733,Medium,Education-driven,93.60,74.90,74.70,22.70,86.18,90.60,100.00,97.70,40.80,17.80,30.80,67.90,1.01,34.29,10.12,-0.24,23,6.60,13.95,947.00,Medium,true
655,MEERUT,UTTAR PRADESH,59.151414309484196,57.90349417637271,58.52745424292846,Medium,Both equally,80.60,82.50,82.70,18.40,74.80,74.20,98.60,99.80,32.10,10.20,23.70,55.20,0.81,34.29,17.22,-0.05,46,18.12,0.10,1062.00,Medium,true
239,JAMTARA,JHARKHAND,29.242928452579037,31.114808652246257,30.178868552412645,Low,Both equally,75.40,78.80,52.80,62.90,63.73,25.40,99.20,72.10,41.90,23.00,46.20,72.80,0.89,34.22,26.77,-0.20,5,9.21,30.40,387.00,Low,true
349,UMARIA,MADHYA PRADESH,38.4567387687188,33.99889073765945,36.22781475318912,Medium,Both equally,92.20,90.60,53.70,19.90,67.34,24.40,97.40,90.20,45.30,15.50,36.60,71.50,0.97,34.2,22.04,-0.27,3,9.02,46.64,361.00,Medium,true
374,PALGHAR,MAHARASTRA,44.86272878535774,45.31336661120355,45.08804769828065,Medium,Both equally,94.20,94.00,75.10,18.80,null,82.60,99.90,97.10,33.00,23.90,37.10,70.30,1.07,34.12,null,-0.20,10,null,null,765.00,Medium,true
643,KANSHIRAM NAGAR,UTTAR PRADESH,22.50415973377704,44.2318358291736,33.36799778147532,Low,Education-driven,74.80,69.20,69.80,15.10,62.30,32.70,99.30,94.10,45.10,19.30,35.50,80.80,0.49,34.07,22.71,-0.14,15,17.70,0.01,987.00,Low,true
347,TIKAMGARH,MADHYA PRADESH,45.23710482529118,42.90072102052135,44.068912922906264,Medium,Both equally,89.80,79.00,56.60,40.50,62.57,14.00,99.90,94.00,27.50,19.70,34.90,67.50,0.34,33.86,22.59,-0.05,-2,25.02,4.70,833.00,Medium,true
257,BELLARY,KARNATAKA,37.770382695507486,46.67221297836938,42.22129783693843,Medium,Education-driven,95.70,71.50,64.10,25.70,67.85,96.60,100.00,89.20,36.10,22.90,36.50,67.50,1.19,33.76,18.96,-0.29,12,21.10,18.41,484.00,Medium,true
323,JHABUA,MADHYA PRADESH,35.37853577371048,30.698835274542432,33.03868552412646,Low,Both equally,92.90,88.90,57.60,43.70,44.45,13.10,94.90,89.90,49.30,17.90,41.70,80.10,0.48,33.73,20.41,-0.04,27,1.70,87.00,1178.00,Low,true
616,BIJNOR,UTTAR PRADESH,58.94342762063228,54.04880754298392,56.4961175818081,Medium,Both equally,83.70,90.60,78.20,18.80,70.43,48.10,99.70,99.20,36.20,9.40,21.90,60.90,0.85,33.41,17.25,-0.15,64,21.38,0.08,1508.00,Medium,true
625,FARRUKHABAD,UTTAR PRADESH,28.327787021630616,40.43261231281198,34.3801996672213,Low,Education-driven,69.30,68.50,72.60,13.50,70.57,32.80,98.70,90.10,47.80,14.30,31.10,77.10,0.92,33.39,18.83,-0.09,28,16.59,0.01,928.00,Medium,false
707,UTTAR DINAJPUR,WEST BENGAL,33.96422628951747,40.43261231281198,37.198419301164726,Medium,Education-driven,76.90,84.40,63.80,21.00,60.13,55.10,99.80,80.70,44.80,16.00,32.00,77.20,0.73,33.34,13.50,-0.22,16,26.87,5.41,1156.00,Medium,true
618,BULANDSHAHR,UTTAR PRADESH,46.96339434276206,53.66056572379369,50.31198003327788,Medium,Education-driven,83.50,67.30,81.50,20.50,70.23,53.60,99.70,95.40,37.60,13.80,26.50,64.10,0.46,33.26,25.92,-0.13,70,20.74,0.01,1365.00,Medium,true
658,MUZAFFARNAGAR,UTTAR PRADESH,41.65973377703827,59.290072102052136,50.4749029395452,Medium,Education-driven,87.00,69.50,80.10,8.20,70.11,71.30,100.00,97.80,29.80,20.70,29.90,65.40,0.47,33.24,19.11,-0.13,53,13.55,0.01,1026.00,Medium,true
647,LALITPUR,UTTAR PRADESH,34.71297836938436,52.135330005546315,43.424154187465334,Medium,Education-driven,90.80,70.80,64.20,11.70,64.95,40.70,100.00,95.50,46.60,18.70,34.80,56.00,0.37,33.15,24.15,-0.05,11,19.69,5.86,936.00,Medium,true
673,SULTANPUR,UTTAR PRADESH,51.10232945091514,35.940099833610645,43.52121464226289,Medium,Health-driven,87.00,80.20,65.10,20.70,71.14,32.50,96.30,96.00,33.40,10.70,28.30,62.30,1.69,33.1,21.82,-0.25,46,22.43,0.02,1547.00,Medium,true
233,DUMKA,JHARKHAND,23.772878535773714,17.554076539101498,20.663477537437608,Low,Health-driven,60.30,78.90,41.50,45.40,62.54,10.10,94.30,48.00,38.20,27.80,44.90,75.10,1.31,32.96,25.57,-0.55,7,6.03,43.22,914.00,Low,true
168,SURAT,GUJARAT,47.42096505823628,70.49362174154187,58.957293399889075,Medium,Education-driven,97.70,92.80,82.00,31.60,86.65,100.00,100.00,99.30,36.10,26.00,32.50,83.60,1.01,32.73,10.03,-0.13,12,2.60,14.09,466.00,Medium,true
640,KANNAUJ,UTTAR PRADESH,20.549084858569053,50.52689961175818,35.537992235163614,Low,Education-driven,76.40,55.80,70.10,15.30,74.01,40.90,99.90,90.90,43.00,21.50,33.50,79.60,0.75,32.26,17.90,-0.18,22,18.71,0.00,1010.00,Low,true
264,DAKSHINA KANNADA,KARNATAKA,68.9683860232945,61.42540210759844,65.19689406544647,High,Health-driven,100.00,86.80,97.10,36.30,88.62,100.00,100.00,95.60,25.10,30.50,26.40,51.10,1.55,32.2,9.27,-0.56,1,7.09,3.94,222.00,High,true
604,AMBEDKAR NAGAR,UTTAR PRADESH,49.60482529118137,49.611758180809765,49.608291735995564,Medium,Both equally,92.20,75.10,63.60,23.00,74.37,35.10,96.20,95.70,31.10,17.80,29.20,54.90,0.52,32.13,19.33,-0.12,80,24.65,0.03,1201.00,Medium,true
639,JYOTIBA PHULE NAGAR,UTTAR PRADESH,29.263727121464232,55.46311702717693,42.36342207432058,Medium,Education-driven,81.10,72.90,78.90,8.30,65.70,55.20,99.90,98.40,42.20,22.50,35.40,69.60,0.54,32.1,22.76,-0.06,26,17.28,0.01,867.00,Medium,true
627,FIROZABAD,UTTAR PRADESH,35.06655574043261,54.631170271769264,44.84886300610094,Medium,Education-driven,80.10,67.10,69.00,13.40,74.60,50.80,98.90,98.60,46.90,9.50,25.60,73.90,0.85,31.84,18.28,-0.12,14,18.97,0.10,1073.00,Medium,true
324,KATNI,MADHYA PRADESH,25.29118136439268,31.558513588463672,28.424847476428177,Low,Education-driven,91.80,86.00,53.50,18.10,73.62,20.90,93.10,93.30,49.50,21.80,44.00,78.70,1.54,31.72,21.73,-0.44,12,12.05,24.59,403.00,Low,true
187,MEWAT,HARYANA,24.209650582362727,49.33444259567387,36.7720465890183,Medium,Education-driven,74.60,53.80,71.70,11.50,56.14,89.60,99.70,94.60,44.40,14.20,37.30,76.40,0.69,31.72,35.40,-0.21,46,6.91,0.00,351.00,Medium,true
148,BOTAD,GUJARAT,37.416805324459226,51.46977260122019,44.44328896283971,Medium,Education-driven,93.50,65.10,72.00,38.00,null,99.70,99.40,98.90,32.20,26.00,32.30,75.50,0.96,31.66,null,-0.06,-1,null,null,28.00,Medium,true
151,DOHAD,GUJARAT,17.470881863560738,50.471436494731,33.97115917914587,Low,Education-driven,92.50,66.20,35.90,40.30,60.60,99.80,100.00,89.10,55.30,27.80,53.00,87.20,0.85,31.51,23.12,-0.21,12,1.95,74.32,306.00,Low,true
253,BAGALKOT,KARNATAKA,36.14808652246256,51.35884636716583,43.753466444814194,Medium,Education-driven,95.20,78.60,51.30,22.30,69.39,98.20,100.00,93.60,48.30,16.90,42.30,63.80,1.22,31.49,21.61,-0.28,19,16.89,5.14,342.00,Medium,true
251,SARAIKELA-KHARSAWAN,JHARKHAND,28.910149750415975,20.549084858569053,24.729617304492514,Low,Health-driven,81.80,80.90,60.90,63.10,68.85,12.30,94.50,56.60,40.00,32.90,48.70,76.10,1.40,30.96,24.82,-0.20,-34,5.28,35.18,445.00,Low,true
343,SHEOPUR,MADHYA PRADESH,27.017470881863563,33.083749306711034,30.0506100942873,Low,Education-driven,84.20,65.80,48.00,27.10,58.02,20.30,100.00,92.70,45.80,16.20,37.70,71.60,1.45,30.78,25.85,-0.51,25,15.76,23.47,417.00,Low,true
249,RANCHI,JHARKHAND,42.84525790349417,25.291181364392674,34.06821963394342,Low,Health-driven,87.30,73.80,77.20,43.90,77.13,22.90,94.20,58.80,28.30,32.70,40.60,62.80,1.78,30.71,17.43,-1.36,46,5.25,35.76,880.00,Low,true
657,MORADABAD,UTTAR PRADESH,45.65307820299501,51.83028286189684,48.741680532445926,Medium,Education-driven,80.30,84.50,79.00,17.10,58.67,46.60,100.00,98.90,34.70,19.10,27.00,67.60,0.78,30.67,17.20,-0.05,36,15.33,0.01,1215.00,Medium,true
610,BALLIA,UTTAR PRADESH,21.256239600665555,46.31170271769273,33.783971159179146,Low,Education-driven,90.00,62.20,61.70,10.60,73.82,26.10,97.80,95.60,43.80,21.90,42.50,71.60,0.75,30.65,23.47,-0.23,65,15.27,3.40,1321.00,Low,true
606,AURAIYA,UTTAR PRADESH,43.09484193011647,55.62950637825845,49.36217415418746,Medium,Education-driven,90.10,82.50,74.30,18.40,80.25,49.00,100.00,95.10,39.70,19.40,32.60,64.20,1.01,30.58,15.40,-0.38,22,28.39,0.01,732.00,Medium,true
145,BANAS KANTHA,GUJARAT,22.982529118136437,52.27398779811424,37.62825845812534,Medium,Education-driven,92.90,43.50,53.90,41.00,66.39,99.40,100.00,89.80,39.00,25.50,44.10,79.00,0.89,30.41,26.87,-0.30,23,10.49,9.11,296.00,Low,false
663,SAHARANPUR,UTTAR PRADESH,48.75207986688852,54.76982806433722,51.76095396561287,Medium,Education-driven,81.70,89.20,83.80,11.80,72.03,67.10,97.70,98.40,28.80,22.00,26.70,68.10,0.69,30.38,16.47,-0.29,27,22.05,0.03,1056.00,Medium,true
273,KOPPAL,KARNATAKA,28.702163061564058,45.59068219633943,37.14642262895174,Medium,Education-driven,90.70,84.80,58.80,20.60,67.28,92.90,100.00,89.60,49.10,23.10,45.80,70.70,1.30,30.26,21.99,-0.33,22,18.61,11.82,254.00,Medium,true
237,GUMLA,JHARKHAND,38.64392678868552,26.816417082640044,32.73017193566278,Low,Health-driven,83.80,85.30,50.10,51.70,66.92,8.10,90.10,37.30,40.20,20.10,38.70,65.80,0.46,30.08,19.90,-0.06,22,3.17,68.94,619.00,Low,true
584,RANGA REDDY,TELANGANA,58.02828618968386,55.04714364947309,56.53771491957848,Medium,Both equally,97.20,85.80,81.10,58.30,78.05,89.00,94.90,92.40,37.80,13.90,29.50,75.80,0.29,30.01,12.18,-0.04,49,12.31,4.13,1463.00,Medium,true
636,JALAUN,UTTAR PRADESH,36.62645590682196,58.402662229617306,47.51455906821963,Medium,Education-driven,85.10,66.20,80.20,17.60,75.16,44.70,100.00,93.80,45.10,19.50,36.10,55.20,0.25,29.97,21.01,-0.09,47,27.70,0.05,1139.00,Medium,true
268,GULBARGA,KARNATAKA,26.55990016638935,43.23349972268442,34.896699944536884,Low,Education-driven,88.70,75.30,36.50,17.40,65.65,93.40,99.80,89.60,34.50,25.00,36.20,75.10,1.31,29.96,null,-0.27,23,25.28,2.54,562.00,Medium,false
147,BHAVNAGAR,GUJARAT,37.58319467554076,67.33222407099278,52.457709373266766,Medium,Education-driven,94.20,74.30,72.90,32.20,76.84,100.00,100.00,99.10,32.60,29.60,39.50,71.50,0.94,29.96,19.23,-0.22,17,5.45,0.32,92.00,Medium,true
276,RAICHUR,KARNATAKA,26.78868552412645,43.732667775929,35.260676650027726,Low,Education-driven,88.90,80.20,53.00,17.80,60.46,98.30,100.00,79.60,39.80,23.20,40.70,73.60,1.07,29.95,21.79,-0.28,19,20.79,19.03,442.00,Medium,false
613,BARA BANKI,UTTAR PRADESH,29.61730449251248,46.561286744315034,38.08929561841376,Medium,Education-driven,76.00,64.40,62.40,14.60,63.76,35.20,98.40,100.00,41.90,18.10,31.90,65.50,0.97,29.42,18.39,-0.38,36,26.52,0.02,1382.00,Medium,true
248,RAMGARH,JHARKHAND,42.803660565723796,28.729894620077648,35.76677759290072,Low,Health-driven,79.00,81.80,64.20,49.70,73.92,30.50,96.00,63.40,35.30,23.50,35.30,59.70,1.52,29.38,20.02,-0.57,59,11.20,21.19,287.00,Medium,false
699,MURSHIDABAD,WEST BENGAL,44.65474209650582,41.541874653355514,43.09830837493067,Medium,Both equally,87.00,90.00,69.70,28.40,67.53,64.40,99.70,87.20,39.80,16.30,32.40,72.10,1.20,29.37,7.14,-0.34,99,12.64,1.28,1862.00,Medium,true
164,PATAN,GUJARAT,40.43261231281197,59.40099833610649,49.91680532445923,Medium,Education-driven,98.60,81.00,73.10,50.20,73.47,100.00,100.00,94.50,50.50,20.90,42.30,76.20,1.05,29.34,22.27,-0.34,10,9.18,0.99,59.00,Medium,true
698,MALDAH,WEST BENGAL,38.04076539101498,37.10482529118136,37.57279534109817,Medium,Both equally,87.70,87.20,62.00,29.00,62.71,62.50,99.50,81.30,40.50,20.00,35.30,71.00,1.18,29.13,9.43,-0.28,62,20.94,7.87,1317.00,Medium,true
372,NASHIK,MAHARASTRA,26.663893510815313,60.732113144758735,43.69800332778702,Medium,Education-driven,90.50,70.40,68.30,14.70,80.96,87.10,100.00,98.00,42.20,27.20,44.80,67.30,1.18,29.11,14.60,-0.32,34,9.08,25.62,980.00,Medium,true
602,ALIGARH,UTTAR PRADESH,46.33943427620632,55.5185801442041,50.929007210205214,Medium,Education-driven,82.60,70.10,69.40,17.60,69.61,47.00,99.30,98.10,35.00,10.90,26.30,62.60,0.45,29.06,22.76,-0.12,37,20.56,0.02,1388.00,Medium,true
266,DHARWAD,KARNATAKA,50.22878535773711,56.10094287298946,53.16486411536329,Medium,Education-driven,99.70,87.60,79.30,24.50,80.30,96.40,100.00,92.60,45.20,16.50,40.40,67.20,1.28,29.01,13.26,-0.27,16,9.63,4.74,151.00,Medium,true
329,MORENA,MADHYA PRADESH,44.571547420965054,36.85524126455907,40.71339434276206,Medium,Health-driven,94.80,69.70,62.70,36.30,72.07,27.50,94.70,92.00,40.00,10.10,29.60,74.70,1.10,28.99,26.56,-0.28,17,21.44,0.87,968.00,Medium,true
256,BELGAUM,KARNATAKA,40.74459234608985,57.37659456461454,49.0605934553522,Medium,Education-driven,97.50,81.40,67.70,20.70,73.94,97.80,100.00,94.90,32.80,23.60,36.90,72.70,1.10,28.88,18.16,-0.29,16,12.08,6.22,240.00,Medium,true
143,ANAND,GUJARAT,36.41846921797004,68.19190238491403,52.305185801442036,Medium,Education-driven,96.00,77.00,82.10,36.20,85.79,100.00,100.00,99.60,38.40,28.60,46.60,78.40,1.35,28.79,15.47,-0.32,7,4.99,1.19,94.00,Medium,true
309,BURHANPUR,MADHYA PRADESH,36.917637271214645,40.95951192457016,38.9385745978924,Medium,Both equally,90.70,91.70,74.00,42.20,65.28,34.50,99.20,88.80,38.70,27.90,47.20,77.90,0.79,28.75,15.98,0.01,11,8.48,30.36,261.00,Medium,true
127,MUNGELI,CHHATTISGARH,55.74043261231281,39.018302828618964,47.379367720465886,Medium,Health-driven,69.80,79.70,80.70,68.00,null,59.80,99.90,90.50,30.10,17.70,30.60,62.00,1.16,28.62,null,-0.20,11,null,null,354.00,Medium,true
337,SAGAR,MADHYA PRADESH,34.213810316139764,35.579589572934,34.89669994453688,Low,Both equally,86.90,75.90,68.80,27.50,77.52,22.50,95.20,92.10,42.70,15.20,35.80,83.30,1.50,28.46,18.59,-0.30,69,21.09,9.33,716.00,Medium,false
163,PANCH MAHALS,GUJARAT,26.123128119800334,53.63283416528009,39.87798114254021,Medium,Education-driven,88.40,95.40,58.90,34.00,72.32,100.00,100.00,91.80,47.10,35.70,51.90,91.00,1.35,28.23,24.12,-0.29,13,4.20,30.18,88.00,Medium,true
252,SIMDEGA,JHARKHAND,35.399334442595666,22.87853577371048,29.138935108153074,Low,Health-driven,75.70,79.30,71.30,60.60,67.59,7.50,88.90,30.30,42.20,21.10,37.00,75.40,0.91,28.2,16.46,-0.09,-20,7.45,70.78,345.00,Low,true
240,KHUNTI,JHARKHAND,28.09900166389351,12.45146977260122,20.275235718247366,Low,Health-driven,73.80,71.90,55.20,58.20,64.51,9.90,87.10,54.00,38.50,32.10,44.00,66.90,2.29,28.17,21.62,-0.27,5,4.52,73.25,277.00,Low,true
312,DAMOH,MADHYA PRADESH,26.580698835274546,28.535773710482527,27.55823627287854,Low,Both equally,85.00,60.80,40.60,21.60,70.92,15.50,91.20,84.10,40.30,16.20,32.30,76.30,1.14,28.02,21.10,-0.32,-35,19.49,13.15,415.00,Low,true
621,DEORIA,UTTAR PRADESH,32.9242928452579,45.75707154742096,39.34068219633943,Medium,Education-driven,93.40,64.20,69.10,10.50,73.53,32.40,95.00,96.50,36.80,26.50,39.40,54.90,0.87,27.99,24.73,-0.37,73,15.11,3.54,1203.00,Medium,true
229,BOKARO,JHARKHAND,39.64226289517471,32.64004437049362,36.14115363283416,Medium,Health-driven,80.90,71.00,64.40,44.70,73.48,21.60,96.50,62.20,36.20,19.70,32.30,66.50,0.94,27.98,23.04,-0.36,31,14.51,12.40,637.00,Medium,true
267,GADAG,KARNATAKA,34.10981697171381,52.9118136439268,43.51081530782031,Medium,Education-driven,96.20,74.30,55.20,28.30,75.18,99.40,100.00,95.50,45.20,18.20,39.80,70.30,2.24,27.92,19.60,-0.51,17,16.36,5.79,112.00,Medium,true
169,SURENDRANAGAR,GUJARAT,24.459234608985025,54.575707154742105,39.51747088186357,Medium,Education-driven,85.60,62.50,63.80,50.40,73.19,99.80,100.00,94.40,39.20,27.10,41.80,81.00,1.47,27.91,21.27,-0.33,7,10.22,1.22,78.00,Medium,true
157,KHEDA,GUJARAT,27.412645590682196,66.02884082085414,46.72074320576817,Medium,Education-driven,95.20,69.00,63.30,32.20,84.31,99.90,100.00,97.20,37.30,30.90,39.50,85.10,1.18,27.88,18.73,-0.32,-2,5.03,1.75,113.00,Medium,true
172,VADODARA,GUJARAT,43.28202995008319,69.02384914032167,56.15293954520243,Medium,Education-driven,95.90,84.90,85.60,41.70,81.21,100.00,100.00,99.40,42.30,20.10,39.90,86.40,1.11,27.8,13.19,-0.36,15,5.32,27.61,142.00,Medium,true
301,ALIRAJPUR,MADHYA PRADESH,50.49916805324459,37.54853022739878,44.02384914032169,Medium,Health-driven,83.20,84.10,84.70,42.50,37.22,8.50,100.00,88.40,34.60,15.40,31.60,76.40,0.59,27.73,12.63,-0.14,19,3.69,88.98,840.00,Medium,true
258,BIDAR,KARNATAKA,37.99916805324459,47.47642817526344,42.73779811425402,Medium,Education-driven,99.00,74.80,56.50,21.40,71.01,91.30,100.00,90.70,36.80,22.10,36.10,69.30,1.49,27.71,18.28,-0.18,12,23.47,13.85,296.00,Medium,true
624,FAIZABAD,UTTAR PRADESH,49.45923460898502,49.44536882972822,49.45230171935662,Medium,Both equally,89.10,68.70,64.40,19.80,70.63,39.20,99.00,94.90,30.60,12.40,27.50,57.70,0.74,27.61,19.49,-0.13,116,22.46,0.04,1172.00,Medium,true
564,HYDERABAD,TELANGANA,65.869384359401,61.25901275651692,63.56419855795896,High,Both equally,98.30,73.80,84.40,48.90,80.96,93.50,98.30,97.70,30.40,17.70,18.90,63.60,0.80,27.59,4.93,-0.03,86,6.29,1.24,1087.00,High,true
156,KACHCHH,GUJARAT,48.128119800332776,56.96062118691071,52.54437049362174,Medium,Education-driven,97.40,70.20,85.80,34.30,71.58,99.20,100.00,91.60,37.50,20.20,33.40,68.60,0.91,27.58,18.98,-0.28,27,12.37,1.16,223.00,Medium,true
310,CHHATARPUR,MADHYA PRADESH,24.396838602329453,39.73932334997227,32.06808097615086,Low,Education-driven,85.20,72.90,55.50,17.10,64.90,23.50,99.80,92.40,45.10,17.50,34.60,87.20,1.01,27.56,19.86,-0.17,70,23.00,4.18,712.00,Low,true
363,JALGAON,MAHARASTRA,17.7828618968386,65.08596783139213,41.43441486411536,Medium,Education-driven,86.50,61.30,59.70,11.90,79.73,86.70,100.00,99.70,36.30,30.50,36.90,85.20,1.02,27.45,17.05,-0.41,32,9.20,14.29,646.00,Medium,true
497,BARMER,RAJASTHAN,66.43094841930116,30.366056572379367,48.39850249584026,Medium,Health-driven,93.30,92.90,83.60,97.80,57.49,34.50,97.10,67.80,39.10,11.50,31.70,67.10,0.89,27.37,31.29,-0.19,69,16.76,6.77,2060.00,Medium,true
344,SHIVPURI,MADHYA PRADESH,34.8377703826955,32.11314475873544,33.47545757071547,Low,Both equally,94.50,63.10,55.50,38.90,63.73,17.40,98.90,88.20,39.20,18.40,36.10,70.50,1.13,27.36,26.73,-0.27,84,18.63,13.20,726.00,Low,true
158,MAHESANA,GUJARAT,39.24708818635607,69.30116472545757,54.274126455906824,Medium,Education-driven,97.30,79.60,72.10,40.70,84.26,99.80,100.00,97.80,31.00,28.20,41.40,86.00,0.92,27.31,15.76,-0.23,12,7.98,0.46,47.00,Medium,true
270,HAVERI,KARNATAKA,56.11480865224625,60.177481974486966,58.14614531336661,Medium,Both equally,97.20,95.70,68.90,28.80,77.60,99.10,100.00,99.00,29.90,17.70,35.00,66.90,1.72,27.08,13.57,-0.48,23,13.77,8.85,149.00,Medium,true
316,DINDORI,MADHYA PRADESH,35.37853577371048,22.21297836938436,28.79575707154742,Low,Health-driven,77.60,80.30,47.90,47.20,65.47,10.70,87.20,85.80,38.90,15.80,33.60,78.10,1.40,27.02,24.11,-0.47,17,5.65,64.70,523.00,Low,true
341,SHAHDOL,MADHYA PRADESH,42.94925124792013,39.73932334997227,41.3442872989462,Medium,Both equally,85.60,86.10,61.40,58.40,68.36,22.30,98.70,95.90,44.00,20.40,39.20,57.30,1.17,27,20.14,-0.21,31,8.42,44.65,509.00,Medium,true
113,BEMETARA,CHHATTISGARH,64.6838602329451,47.836938435940105,56.260399334442596,Medium,Health-driven,95.00,93.40,80.50,63.40,null,98.00,99.60,90.40,38.40,16.40,27.60,61.80,0.70,26.95,null,-0.12,3,null,null,365.00,Medium,true
173,VALSAD,GUJARAT,47.31697171381032,71.8801996672213,59.59858569051581,Medium,Education-driven,96.50,91.10,85.30,40.60,80.94,99.90,100.00,99.50,37.80,23.20,34.80,87.60,0.86,26.89,11.52,-0.19,11,2.24,52.93,129.00,Medium,true
375,PARBHANI,MAHARASTRA,18.69800332778702,42.23516361619523,30.466583471991125,Low,Education-driven,85.60,52.00,60.10,10.50,75.22,72.80,94.90,96.30,37.60,22.80,41.80,75.40,2.21,26.67,21.39,-0.39,26,13.47,2.21,259.00,Low,true
345,SIDHI,MADHYA PRADESH,34.130615640599004,32.83416528008874,33.48239046034387,Low,Both equally,83.80,78.20,44.70,26.10,66.09,17.70,96.00,95.10,39.10,16.60,32.80,72.50,1.31,26.65,21.27,-0.31,158,11.55,27.80,603.00,Low,true
364,JALNA,MAHARASTRA,26.66389351081531,54.076539101497495,40.3702163061564,Medium,Education-driven,92.80,54.30,63.60,9.70,73.61,70.20,100.00,96.40,38.00,22.20,39.00,68.30,1.25,26.62,23.97,-0.27,16,13.90,2.16,392.00,Medium,true
280,UDUPI,KARNATAKA,78.88935108153078,58.01442041042706,68.45188574597891,High,Health-driven,98.90,89.90,94.50,50.90,86.29,99.00,100.00,93.80,23.10,17.60,21.00,58.30,1.83,26.45,10.28,-0.46,18,6.41,4.49,109.00,High,true
171,THE DANGS,GUJARAT,30.158069883527457,60.23294509151413,45.19550748752079,Medium,Education-driven,74.50,91.30,71.70,44.30,76.80,100.00,100.00,99.80,37.60,40.90,53.10,82.40,2.51,26.35,16.23,-0.20,2,0.44,94.65,30.00,Medium,true
177,FARIDABAD,HARYANA,62.58319467554076,72.76760953965612,67.67540210759844,High,Education-driven,92.50,69.50,84.20,32.80,83.04,98.00,99.80,98.90,28.90,8.00,19.50,68.40,0.25,26.18,14.77,-0.02,18,12.37,0.00,297.00,High,true
260,CHAMARAJANAGAR,KARNATAKA,60.98169717138103,43.28896283971159,52.13533000554631,Medium,Health-driven,100.00,93.30,75.20,34.40,61.12,93.60,100.00,86.60,32.20,18.00,28.70,68.70,1.31,26.15,13.56,-0.37,27,25.42,11.78,114.00,Medium,true
307,BHIND,MADHYA PRADESH,50.41597337770383,40.654464780920684,45.535219079312256,Medium,Health-driven,93.50,70.70,79.90,31.00,76.59,26.80,94.50,87.10,32.20,12.40,29.00,75.60,0.86,26.15,23.24,-0.15,28,22.01,0.36,616.00,Medium,true
623,ETAWAH,UTTAR PRADESH,44.80033277870217,54.0765391014975,49.438435940099836,Medium,Education-driven,85.20,77.70,78.10,17.90,79.99,46.40,99.50,97.90,38.80,13.90,24.30,74.00,1.28,26.06,16.48,-0.13,22,24.55,0.01,730.00,Medium,true
303,ASHOKNAGAR,MADHYA PRADESH,42.51247920133111,34.581253466444814,38.54686633388796,Medium,Health-driven,91.30,69.10,53.70,34.20,67.90,18.60,98.10,79.00,32.60,19.70,31.10,59.70,0.79,26.06,26.02,0.25,-46,20.80,9.71,324.00,Medium,true
166,RAJKOT,GUJARAT,52.703826955074874,71.27010537992236,61.986966167498615,Medium,Education-driven,99.30,84.90,85.40,45.10,82.20,99.90,99.40,99.20,38.90,17.60,37.00,77.00,0.67,25.9,13.41,-0.13,29,7.63,0.63,145.00,Medium,true
336,REWA,MADHYA PRADESH,28.8477537437604,42.90072102052135,35.874237382140876,Medium,Education-driven,80.40,70.30,46.10,29.40,73.42,29.10,97.60,86.40,37.00,18.70,31.50,78.00,0.72,25.87,21.21,-0.25,-149,16.22,13.19,1115.00,Low,false
674,UNNAO,UTTAR PRADESH,30.470049916805323,55.2967276760954,42.88338879645036,Medium,Education-driven,80.80,58.60,60.30,15.30,68.29,39.70,99.60,100.00,39.20,12.10,29.30,76.00,0.81,25.86,18.52,-0.11,46,30.52,0.09,1274.00,Medium,true
162,NAVSARI,GUJARAT,47.67054908485857,70.18857459789241,58.92956184137549,Medium,Education-driven,99.30,95.00,80.10,42.00,84.78,100.00,100.00,99.00,36.80,29.00,43.60,75.30,1.15,25.84,10.76,-0.30,1,2.67,48.11,49.00,Medium,true
626,FATEHPUR,UTTAR PRADESH,19.945923460898502,42.45701608430394,31.20146977260122,Low,Education-driven,81.40,55.70,63.10,16.80,68.78,27.00,96.70,94.60,51.10,17.80,38.00,78.10,0.82,25.77,20.93,-0.26,33,24.75,0.01,1087.00,Low,true
359,DHULE,MAHARASTRA,17.054908485856906,55.93455352190794,36.49473100388242,Medium,Education-driven,77.20,56.60,58.90,19.80,74.61,86.30,99.80,98.30,37.60,38.90,46.00,72.20,1.35,25.57,16.38,-0.50,27,6.22,31.56,431.00,Low,false
327,MANDLA,MADHYA PRADESH,48.35690515806988,30.782029950083196,39.56946755407654,Medium,Health-driven,87.60,88.90,58.40,42.60,68.28,10.50,94.80,89.90,32.10,15.90,33.00,70.20,1.13,25.57,22.30,-0.16,2,4.59,57.88,573.00,Medium,true
247,PURBI SINGHBHUM,JHARKHAND,44.65474209650583,33.91569606211869,39.285219079312256,Medium,Health-driven,94.00,88.80,70.20,50.70,76.13,28.10,95.20,62.90,35.90,29.40,41.60,67.40,1.16,25.45,17.18,-0.32,19,4.86,28.51,485.00,Medium,true
46,DHUBRI,ASSAM,27.47504159733777,28.840820854132,28.157931225734885,Low,Both equally,64.20,71.60,61.80,59.40,59.36,15.00,100.00,78.20,48.50,21.50,37.80,73.10,1.39,25.41,9.94,-0.56,154,3.61,0.33,1735.00,Low,true
13,VISAKHAPATNAM,ANDHRA PRADESH,50.603161397670554,40.26622296173044,45.4346921797005,Medium,Health-driven,95.30,76.50,77.80,64.90,67.70,77.50,95.30,87.10,31.00,21.50,33.50,72.60,1.11,25.37,15.48,-0.21,34,7.68,14.42,629.00,Medium,true
137,DAMAN,DADRA AND NAGAR HAVELI & DAMAN AND DIU,42.637271214642254,77.34331669439821,59.99029395452023,Medium,Education-driven,97.40,78.30,67.10,32.90,88.06,100.00,100.00,98.70,30.00,25.20,29.30,82.50,0.55,25.37,10.39,-0.12,0,2.23,7.97,13.00,Medium,true
690,BIRBHUM,WEST BENGAL,31.156405990016637,46.81087077093733,38.98363838047698,Medium,Education-driven,90.30,81.60,55.00,37.70,70.90,70.40,99.50,91.50,37.00,25.50,41.80,76.50,1.21,25.27,13.35,-0.30,47,29.50,6.92,887.00,Medium,true
622,ETAH,UTTAR PRADESH,24.0432612312812,55.21353300055463,39.62839711591791,Medium,Education-driven,76.70,55.50,62.70,12.80,73.27,32.30,99.40,96.50,48.80,15.00,30.60,77.40,0.44,25.24,21.49,-0.06,32,15.84,0.01,760.00,Medium,true
152,GANDHINAGAR,GUJARAT,37.52079866888519,75.01386577925679,56.26733222407099,Medium,Education-driven,97.80,77.70,84.60,29.70,85.78,100.00,100.00,100.00,38.10,30.60,44.60,81.20,0.90,25.23,16.22,-0.20,-3,7.80,1.31,58.00,Medium,true
376,PUNE,MAHARASTRA,42.86605657237937,63.11702717692734,52.99154187465335,Medium,Education-driven,98.00,58.10,79.60,14.40,87.19,94.70,100.00,98.30,30.70,31.40,32.70,58.70,1.55,25.22,11.59,-0.24,42,12.52,3.70,770.00,Medium,true
154,JAMNAGAR,GUJARAT,53.30698835274542,68.2473655019412,60.77717692734331,Medium,Education-driven,96.50,78.40,86.60,38.60,74.40,99.70,100.00,98.90,28.40,23.80,28.90,75.00,0.83,25.14,16.38,-0.17,20,8.05,1.12,62.00,Medium,true
275,MYSORE,KARNATAKA,73.02412645590682,57.70937326677759,65.36674986134221,High,Health-driven,100.00,97.20,86.40,26.20,72.56,97.90,100.00,96.70,27.50,15.60,28.20,57.20,1.23,25.09,11.85,-0.31,31,17.88,11.15,227.00,High,true
146,BHARUCH,GUJARAT,33.44425956738769,63.200221852468104,48.3222407099279,Medium,Education-driven,91.10,80.00,77.70,37.40,83.03,100.00,100.00,90.70,40.90,24.50,45.50,81.00,1.09,25.07,12.01,-0.17,8,4.01,31.48,86.00,Medium,true
371,NANDURBAR,MAHARASTRA,11.980033277870218,50.83194675540765,31.405990016638935,Low,Education-driven,76.30,72.40,54.10,15.30,63.04,57.40,100.00,92.30,45.80,30.70,57.20,79.30,0.72,25.05,18.08,-0.11,14,2.91,69.28,389.00,Low,true
362,HINGOLI,MAHARASTRA,31.759567387687184,53.300055463117026,42.5298114254021,Medium,Education-driven,94.00,76.90,69.00,14.70,76.04,75.70,100.00,97.40,37.40,25.80,38.90,72.50,1.86,25.02,22.00,-0.53,19,15.51,9.51,164.00,Medium,true
675,VARANASI,UTTAR PRADESH,42.92845257903494,64.55906821963394,53.74376039933444,Medium,Education-driven,95.20,79.30,83.20,12.80,77.05,46.30,99.90,99.30,37.40,21.00,39.00,65.20,0.60,24.99,16.92,-0.18,26,13.24,0.78,445.00,Medium,true
160,MORBI,GUJARAT,39.74625623960067,57.15474209650583,48.45049916805325,Medium,Education-driven,94.80,64.20,80.10,34.40,null,98.70,100.00,98.50,32.90,25.20,32.30,75.30,0.82,24.95,null,-0.14,3,null,null,43.00,Medium,true
153,GIR SOMNATH,GUJARAT,40.973377703826955,56.40599001663893,48.68968386023295,Medium,Education-driven,87.10,69.90,74.30,46.60,null,99.30,100.00,100.00,44.40,18.50,30.30,68.90,1.15,24.8,null,-0.28,5,null,null,18.00,Medium,true
705,PURULIYA,WEST BENGAL,27.412645590682196,36.66112035496395,32.03688297282307,Low,Education-driven,89.80,84.70,29.20,35.60,65.38,76.00,97.60,83.40,36.90,29.40,46.30,77.90,1.39,24.76,27.56,-0.37,74,19.38,18.45,984.00,Low,true
696,KOCH BIHAR,WEST BENGAL,63.97670549084859,51.74708818635607,57.861896838602334,Medium,Health-driven,93.00,94.20,75.70,36.00,75.49,61.10,99.50,89.30,28.70,16.80,22.50,66.40,0.88,24.75,12.44,-0.27,159,50.17,0.64,832.00,Medium,true
265,DAVANAGERE,KARNATAKA,49.77121464226289,55.60177481974487,52.686494731003876,Medium,Education-driven,98.30,79.40,83.30,25.20,76.30,96.20,100.00,92.70,38.40,18.80,32.80,70.20,1.32,24.74,13.63,-0.31,22,20.18,11.98,151.00,Medium,true
142,AMRELI,GUJARAT,38.91430948419301,69.05158069883528,53.982945091514146,Medium,Education-driven,90.10,60.10,73.30,47.70,74.49,100.00,100.00,100.00,35.30,23.70,30.60,72.00,0.99,24.67,14.85,-0.22,2,8.78,0.48,33.00,Medium,true
505,DHAULPUR,RAJASTHAN,47.42096505823628,44.75873544093178,46.08985024958403,Medium,Both equally,94.40,85.90,57.50,89.00,70.14,41.40,97.70,86.40,45.70,13.70,31.30,81.70,0.71,24.66,27.08,-0.17,7,20.36,4.86,483.00,Medium,true
451,KALAHANDI,ODISHA,52.641430948419305,38.18635607321131,45.413893510815306,Medium,Health-driven,92.80,91.30,64.40,48.60,60.22,18.80,100.00,93.50,33.00,17.20,33.60,68.80,1.22,24.43,26.07,-0.32,-21,18.17,28.50,669.00,Medium,true
305,BARWANI,MADHYA PRADESH,26.934276206322796,40.59900166389351,33.766638935108155,Low,Education-driven,85.10,76.10,61.00,29.20,50.23,15.10,100.00,88.80,45.80,18.90,41.00,78.20,0.54,24.39,14.23,-0.11,201,6.35,69.43,761.00,Low,true
357,BULDANA,MAHARASTRA,30.844425956738768,54.46478092068774,42.65460343871325,Medium,Education-driven,93.90,85.90,68.90,37.90,82.09,82.40,100.00,95.40,45.00,31.70,47.20,79.40,1.95,24.25,17.74,-0.62,23,18.21,4.83,292.00,Medium,true
161,NARMADA,GUJARAT,24.66722129783694,57.9034941763727,41.28535773710482,Medium,Education-driven,81.70,82.80,54.60,51.10,73.29,99.40,99.90,99.70,47.20,23.00,52.80,93.20,1.98,24.21,18.98,-0.56,6,1.48,81.55,37.00,Medium,true
110,BALODA BAZAR,CHHATTISGARH,44.36356073211314,36.18968386023295,40.276622296173045,Medium,Health-driven,78.10,77.30,78.90,66.10,null,81.30,99.90,89.50,40.90,19.40,34.10,67.80,1.89,24.14,null,-0.55,17,null,null,239.00,Medium,true
370,NANDED,MAHARASTRA,36.08569051580699,50.166389351081534,43.12603993344426,Medium,Education-driven,94.80,75.70,68.00,15.70,76.94,68.60,99.10,95.80,36.00,19.00,35.20,76.10,1.62,23.96,19.94,-0.53,46,19.06,8.38,383.00,Medium,true
315,DHAR,MADHYA PRADESH,42.51247920133111,32.6955074875208,37.60399334442596,Medium,Health-driven,95.50,75.40,61.90,30.30,60.57,20.90,95.80,90.70,28.80,29.50,35.90,65.00,0.99,23.96,21.41,-0.21,377,6.65,55.94,942.00,Medium,true
263,CHITRADURGA,KARNATAKA,56.88435940099834,52.35718247365501,54.620770937326675,Medium,Both equally,98.30,94.60,63.10,35.30,73.82,99.20,100.00,92.60,36.00,17.90,32.40,61.10,1.90,23.93,15.32,-0.59,9,23.45,18.23,141.00,Medium,true
511,JALOR,RAJASTHAN,56.156405990016644,38.01996672212979,47.088186356073216,Medium,Health-driven,95.50,78.00,77.40,96.60,55.58,51.30,98.40,73.00,44.30,12.10,36.50,66.30,0.72,23.88,33.10,-0.25,49,19.53,9.77,709.00,Medium,true
438,BALANGIR,ODISHA,47.46256239600665,37.07709373266778,42.26982806433722,Medium,Health-driven,97.90,95.80,66.30,44.00,65.50,22.50,100.00,94.10,32.70,25.50,37.60,74.90,1.89,23.87,23.31,-0.57,23,17.88,21.05,457.00,Medium,true
638,JHANSI,UTTAR PRADESH,25.561564059900167,59.3732667775929,42.46741541874653,Medium,Education-driven,92.90,44.50,73.20,11.40,76.37,60.10,97.50,96.60,40.90,25.20,39.30,70.30,0.35,23.87,21.70,-0.05,35,28.15,0.19,618.00,Medium,true
170,TAPI,GUJARAT,35.295341098169715,62.562396006655575,48.928868552412645,Medium,Education-driven,92.90,97.50,70.20,42.30,69.23,99.90,100.00,97.80,41.70,36.60,51.80,80.70,0.96,23.77,15.17,-0.38,6,1.01,84.18,37.00,Medium,true
332,PANNA,MADHYA PRADESH,16.160565723793678,30.809761508596782,23.48516361619523,Low,Education-driven,84.00,64.50,43.80,12.60,66.08,18.20,97.00,78.50,45.10,23.20,39.20,74.50,1.01,23.7,20.05,-0.05,21,20.46,16.81,344.00,Low,true
300,AGAR MALWA,MADHYA PRADESH,47.69134775374376,33.832501386577924,40.76192457016084,Medium,Health-driven,98.90,75.80,72.30,58.90,null,20.80,97.60,91.10,40.30,18.70,35.70,71.60,0.86,23.7,null,-0.04,9,null,null,177.00,Medium,true
695,JALPAIGURI,WEST BENGAL,59.442595673876866,49.528563505268984,54.48557958957292,Medium,Health-driven,95.80,87.90,73.20,35.80,73.79,62.90,97.40,91.10,28.90,18.30,25.40,67.40,0.88,23.68,13.96,-0.10,44,37.65,18.89,374.00,Medium,true
65,SONITPUR,ASSAM,52.329450915141436,28.064337215751525,40.19689406544648,Medium,Health-driven,83.50,70.90,72.20,66.90,69.96,20.50,87.00,80.40,36.70,13.10,21.90,69.40,1.21,23.65,14.45,-0.38,57,5.67,12.07,893.00,Medium,true
167,SABAR KANTHA,GUJARAT,32.861896838602334,68.30282861896838,50.582362728785355,Medium,Education-driven,89.40,88.50,61.00,49.30,76.60,100.00,100.00,98.60,37.00,33.10,41.00,81.10,1.01,23.65,22.16,-0.23,7,7.73,22.32,101.00,Medium,true
456,KORAPUT,ODISHA,44.03078202995008,34.55352190793122,39.29215196894065,Medium,Health-driven,82.10,98.00,39.40,54.60,49.87,15.50,100.00,63.40,43.10,15.90,33.50,69.70,0.73,23.63,22.37,-0.26,39,14.25,50.56,416.00,Low,false
328,MANDSAUR,MADHYA PRADESH,62.312811980033274,41.45867997781475,51.88574597892401,Medium,Health-driven,99.40,75.10,65.40,48.40,72.75,32.90,97.20,82.90,30.90,13.10,22.90,65.40,0.86,23.59,28.50,-0.09,6,18.58,2.47,273.00,Medium,true
165,PORBANDAR,GUJARAT,62.5,59.872434830837484,61.18621741541874,Medium,Both equally,100.00,82.90,85.70,42.10,76.63,97.60,99.80,93.20,18.20,21.80,25.50,77.90,0.93,23.58,16.24,-0.11,4,8.85,2.23,9.00,High,false
159,MAHISAGAR,GUJARAT,26.185524126455906,45.59068219633943,35.888103161397666,Medium,Education-driven,93.00,80.00,44.40,46.00,null,99.90,100.00,92.70,43.40,26.20,49.00,85.90,1.71,23.43,null,-0.45,8,null,null,28.00,Medium,true
271,KODAGU,KARNATAKA,71.33943427620633,63.394342762063225,67.36688851913478,High,Health-driven,98.40,90.60,93.90,45.60,82.52,98.00,100.00,97.80,30.40,21.70,22.60,54.40,1.42,23.36,9.33,-0.35,0,13.27,10.47,53.00,High,true
34,UPPER SUBANSIRI,ARUNACHAL PRADESH,51.580698835274546,28.480310593455354,40.03050471436495,Medium,Health-driven,77.00,68.50,80.90,21.50,63.96,20.20,93.40,90.90,36.80,12.20,19.20,60.40,1.45,23.29,6.85,0.09,10,0.00,93.86,98.00,Medium,true
306,BETUL,MADHYA PRADESH,49.064059900166384,38.10316139767055,43.583610648918466,Medium,Health-driven,87.60,80.90,59.80,51.30,70.14,12.90,97.40,92.20,30.80,21.70,31.40,57.80,0.97,23.29,16.77,-0.22,24,10.11,42.34,319.00,Medium,true
510,JAISALMER,RAJASTHAN,55.802828618968384,35.995562950637826,45.899195784803105,Medium,Health-driven,90.00,72.00,75.70,93.70,58.04,36.90,97.50,61.40,25.50,25.00,31.70,58.60,0.59,23.23,32.86,0.01,35,14.80,6.33,488.00,Medium,true
574,MAHABUBNAGAR,TELANGANA,51.060732113144766,37.40987243483084,44.2353022739878,Medium,Health-driven,98.10,89.40,73.70,70.30,56.06,86.60,91.70,92.40,42.60,17.80,33.00,82.60,1.22,23.19,20.62,-0.18,97,17.49,8.99,1175.00,Medium,true
351,AHMADNAGAR,MAHARASTRA,45.52828618968386,55.35219079312258,50.44023849140322,Medium,Education-driven,97.90,83.50,79.50,12.00,80.22,91.30,99.40,97.70,31.70,24.90,41.20,64.50,1.78,23.15,17.66,-0.47,25,12.63,8.33,389.00,Medium,true
319,HARDA,MADHYA PRADESH,34.83777038269551,46.283971159179146,40.56087077093733,Medium,Education-driven,88.40,90.80,68.80,33.30,74.04,29.80,98.90,94.20,38.80,28.00,34.70,85.60,1.15,23.14,18.80,-0.57,-120,16.28,27.99,161.00,Medium,true
274,MANDYA,KARNATAKA,82.73710482529118,56.87742651136995,69.80726566833056,High,Health-driven,99.50,93.90,86.70,39.90,70.14,100.00,100.00,97.30,24.30,11.80,16.70,58.20,1.70,23.06,16.04,-0.62,15,14.69,1.24,116.00,High,true
386,YAVATMAL,MAHARASTRA,33.83943427620632,58.735440931780374,46.28743760399335,Medium,Education-driven,96.30,74.70,66.40,29.00,80.70,90.00,100.00,98.50,36.60,27.50,39.40,75.20,2.04,23.03,16.17,-0.41,21,11.85,18.54,283.00,Medium,true
124,KORBA,CHHATTISGARH,49.68801996672212,48.16971713810316,48.92886855241264,Medium,Both equally,75.40,68.40,73.30,60.60,73.22,48.90,99.80,86.90,34.70,14.70,27.90,63.60,1.07,22.98,21.62,-0.33,15,10.33,40.90,407.00,Medium,true
457,MALKANGIRI,ODISHA,35.3369384359401,26.89961175818081,31.118275097060454,Low,Health-driven,90.70,94.80,41.40,47.00,49.49,25.90,95.50,79.20,44.30,19.30,41.60,78.70,1.18,22.95,21.34,-0.42,243,22.55,57.83,192.00,Low,true
278,SHIMOGA,KARNATAKA,59.27620632279534,53.88241819190237,56.57931225734885,Medium,Health-driven,99.70,96.10,85.40,26.50,80.50,96.70,100.00,90.20,29.00,23.20,34.40,68.90,1.79,22.94,11.22,-0.36,2,17.58,3.73,149.00,Medium,true
447,GANJAM,ODISHA,72.81613976705489,45.75707154742096,59.28660565723793,Medium,Health-driven,93.00,88.50,72.90,51.90,71.88,41.30,100.00,94.40,23.90,10.20,18.90,61.30,1.94,22.91,20.01,-0.43,67,19.50,3.37,443.00,Medium,true
67,TINSUKIA,ASSAM,43.71880199667221,41.29229062673323,42.505546311702716,Medium,Both equally,82.60,75.00,66.70,60.00,70.92,30.30,98.80,85.20,32.80,21.50,32.20,66.40,0.99,22.89,14.35,-0.22,12,2.84,6.18,558.00,Medium,true
179,GURGAON,HARYANA,61.148086522462556,76.53910149750416,68.84359400998336,High,Education-driven,96.70,58.70,84.50,34.60,84.44,98.50,100.00,98.70,22.10,15.70,22.20,67.70,0.44,22.89,12.63,-0.19,18,13.07,0.00,275.00,High,true
385,WASHIM,MAHARASTRA,30.490848585690514,58.9018302828619,44.69633943427621,Medium,Education-driven,92.90,71.60,61.50,24.10,81.70,82.50,100.00,99.00,35.30,31.70,39.30,70.40,2.12,22.86,18.28,-0.62,20,19.17,6.72,106.00,Medium,true
322,JABALPUR,MADHYA PRADESH,51.74708818635608,52.52357182473656,52.13533000554632,Medium,Both equally,94.70,null,61.90,61.20,82.47,36.20,99.40,92.50,18.00,26.40,31.30,37.80,1.11,22.86,13.80,-0.04,-133,14.13,15.23,470.00,Medium,true
366,LATUR,MAHARASTRA,47.71214642262896,57.09927897947864,52.4057127010538,Medium,Education-driven,94.70,79.20,72.50,33.60,79.03,84.50,99.70,98.80,43.20,18.00,33.90,59.50,1.74,22.85,17.40,-0.37,26,19.60,2.34,198.00,Medium,true
320,HOSHANGABAD,MADHYA PRADESH,39.57986688851914,37.631724902939546,38.605795895729344,Medium,Both equally,91.80,73.50,68.50,28.60,76.52,23.30,99.50,80.40,34.80,19.50,27.20,78.80,1.60,22.8,18.16,-0.03,35,16.52,15.89,212.00,Medium,true
302,ANUPPUR,MADHYA PRADESH,60.108153078202996,26.455906821963396,43.2820299500832,Medium,Health-driven,84.80,86.60,69.40,52.80,69.08,15.20,92.40,84.70,24.00,18.40,30.70,49.20,1.61,22.79,22.21,-0.32,122,9.93,47.85,252.00,Medium,true
652,MAINPURI,UTTAR PRADESH,33.381863560732114,56.35052689961176,44.86619523017194,Medium,Education-driven,82.70,75.00,63.10,16.10,78.26,35.10,98.20,95.10,44.30,14.60,33.60,70.40,0.54,22.78,18.58,-0.11,20,19.71,0.03,700.00,Medium,true
691,DAKSHIN DINAJPUR,WEST BENGAL,49.91680532445923,47.08818635607321,48.50249584026622,Medium,Both equally,91.40,92.60,79.00,28.30,73.86,61.90,98.50,69.90,31.90,22.80,30.20,72.50,0.78,22.71,11.82,-0.16,5,28.80,16.43,298.00,Medium,true
9,KURNOOL,ANDHRA PRADESH,37.81198003327787,36.134220743205766,36.97310038824182,Medium,Both equally,88.50,67.00,73.50,73.30,61.13,89.80,89.50,93.60,50.50,16.70,46.30,70.80,1.71,22.65,20.55,-0.13,94,18.21,2.04,1070.00,Medium,true
261,CHIKKABALLAPURA,KARNATAKA,64.22628951747087,50.58236272878536,57.404326123128115,Medium,Health-driven,99.00,76.60,84.90,26.10,70.08,97.20,100.00,90.10,31.30,16.10,25.20,59.00,1.45,22.65,16.81,-0.27,10,24.90,12.47,92.00,Medium,true
350,VIDISHA,MADHYA PRADESH,51.2063227953411,31.863560732113143,41.53494176372712,Medium,Health-driven,90.60,78.00,65.20,48.20,72.08,17.50,95.00,86.90,36.50,16.60,34.40,52.30,1.46,22.59,19.73,-0.40,66,20.03,4.63,251.00,Medium,true
62,NAGAON,ASSAM,37.04242928452579,38.85191347753743,37.94717138103161,Medium,Both equally,83.70,58.20,66.10,59.40,73.78,25.20,94.80,90.70,38.90,19.40,32.40,68.60,1.19,22.53,8.98,-0.48,109,9.43,4.08,1433.00,Medium,true
317,GUNA,MADHYA PRADESH,55.32445923460898,38.713255684969496,47.01885745978924,Medium,Health-driven,98.00,78.80,55.60,43.10,65.10,19.60,91.40,92.80,31.90,10.10,25.10,75.10,0.64,22.53,24.07,-0.19,7,15.56,15.37,315.00,Medium,true
111,BALRAMPUR,CHHATTISGARH,41.55574043261231,30.532445923460898,36.044093178036604,Medium,Health-driven,78.90,76.10,57.30,62.30,null,17.90,100.00,83.70,35.10,23.00,38.80,50.10,1.42,22.51,null,-0.23,19,null,null,278.00,Medium,true
4,ANANTAPUR,ANDHRA PRADESH,53.84775374376039,42.124237382140876,47.985995562950635,Medium,Health-driven,94.70,81.80,71.30,73.20,64.28,93.80,85.40,95.40,36.00,19.30,40.60,55.80,1.28,22.5,19.78,-0.20,73,14.29,3.78,624.00,Medium,true
495,BANSWARA,RAJASTHAN,41.160565723793674,24.265113699389904,32.71283971159179,Low,Health-driven,97.70,83.00,40.80,84.20,57.20,28.70,96.10,78.70,44.60,17.30,38.70,82.10,1.77,22.46,27.33,0.04,28,4.46,76.38,1076.00,Low,true
311,CHHINDWARA,MADHYA PRADESH,56.759567387687184,39.96117581808098,48.360371602884086,Medium,Health-driven,92.20,65.30,77.10,48.50,72.21,18.40,99.00,96.40,23.90,18.10,32.80,50.50,1.77,22.46,17.42,-0.36,49,11.11,36.82,541.00,Medium,true
120,JANJGIR - CHAMPA,CHHATTISGARH,49.93760399334443,57.265668330560175,53.6016361619523,Medium,Education-driven,86.20,85.50,78.80,74.00,73.70,85.20,100.00,96.00,32.50,24.60,30.20,74.10,1.26,22.45,23.87,-0.35,15,24.57,11.56,366.00,Medium,true
515,KARAULI,RAJASTHAN,43.13643926788686,36.82750970604548,39.981974486966166,Medium,Health-driven,97.60,88.90,49.90,86.40,67.34,39.20,92.70,76.20,37.60,26.60,37.30,75.90,0.83,22.41,33.78,0.10,18,24.31,22.28,476.00,Medium,true
382,SOLAPUR,MAHARASTRA,41.38935108153079,60.53799223516362,50.96367165834721,Medium,Education-driven,96.20,83.60,67.80,20.50,77.72,87.60,99.80,99.30,36.30,23.20,32.90,70.90,1.46,22.35,17.80,-0.44,26,15.05,1.80,390.00,Medium,true
126,MAHASAMUND,CHHATTISGARH,59.858569051580695,56.21186910704381,58.035219079312256,Medium,Both equally,92.90,82.10,84.20,76.20,71.54,92.90,99.60,97.80,36.80,14.00,25.80,75.80,1.25,22.24,22.64,-0.28,23,13.52,27.10,176.00,Medium,true
439,BALESHWAR,ODISHA,74.10565723793678,47.587354409317804,60.8465058236273,Medium,Health-driven,97.60,94.10,70.90,40.60,80.66,42.70,99.90,91.50,24.40,15.00,22.60,43.20,2.22,22.19,15.11,-0.53,54,20.62,11.88,503.00,Medium,true
279,TUMKUR,KARNATAKA,67.65806988352746,57.237936772046595,62.44800332778703,Medium,Health-driven,100.00,97.70,86.10,31.00,74.32,98.10,100.00,91.10,40.30,10.90,26.70,67.60,1.20,22.19,15.60,-0.29,5,18.92,7.82,97.00,High,false
687,UDHAM SINGH NAGAR,UTTARAKHAND,64.72545757071548,62.617859123682756,63.67165834719911,High,Both equally,85.10,83.20,70.90,59.00,74.44,91.10,99.10,95.20,26.80,12.40,22.00,60.80,0.50,22.17,16.75,-0.09,14,14.45,7.46,384.00,High,true
365,KOLHAPUR,MAHARASTRA,47.358569051580695,62.479201331114815,54.918885191347755,Medium,Education-driven,99.20,67.20,82.00,16.50,82.90,90.70,100.00,98.20,33.60,18.90,34.70,66.40,1.57,22.14,17.15,-0.38,24,13.02,0.78,262.00,Medium,true
144,ARAVALI,GUJARAT,24.001663893510816,60.843039378813096,42.422351636161956,Medium,Education-driven,92.20,77.00,56.30,43.90,null,100.00,100.00,100.00,47.10,29.00,47.20,89.50,0.99,21.96,null,-0.33,0,null,null,26.00,Medium,true
379,SANGLI,MAHARASTRA,52.8702163061564,59.56738768718801,56.218801996672205,Medium,Education-driven,98.00,75.00,84.70,12.30,82.62,75.90,100.00,99.80,35.00,18.60,27.20,62.70,2.98,21.88,15.74,-0.64,34,12.51,0.65,253.00,Medium,true
272,KOLAR,KARNATAKA,74.66722129783693,63.20022185246811,68.93372157515252,High,Health-driven,99.60,86.30,89.20,33.90,74.33,97.40,100.00,94.50,31.10,15.50,15.70,57.90,0.87,21.84,15.38,-0.22,116,30.32,5.13,122.00,High,true
680,DEHRADUN,UTTARAKHAND,74.93760399334442,61.23128119800332,68.08444259567388,High,Health-driven,91.70,76.00,83.90,67.30,85.24,91.20,99.10,82.00,20.90,10.10,19.10,59.50,0.49,21.77,10.71,-0.10,39,13.49,6.58,413.00,High,true
314,DEWAS,MADHYA PRADESH,42.76206322795341,47.171381031613976,44.96672212978369,Medium,Both equally,92.20,87.10,69.60,35.10,70.53,30.10,99.90,91.70,36.80,20.40,30.70,79.40,1.07,21.76,23.83,-0.28,16,18.67,17.44,380.00,Medium,true
373,OSMANABAD,MAHARASTRA,50.91514143094842,54.52024403771492,52.71769273433166,Medium,Both equally,98.10,89.30,71.20,14.80,76.33,80.20,100.00,98.00,37.20,16.10,32.50,67.40,2.53,21.74,18.64,-0.52,15,16.00,2.17,112.00,Medium,true
523,SIROHI,RAJASTHAN,54.09733777038269,36.272878535773714,45.185108153078204,Medium,Health-driven,95.70,86.40,54.10,92.00,56.02,66.60,96.80,83.10,30.70,16.40,31.20,75.80,1.18,21.74,30.97,-0.37,70,19.48,28.22,339.00,Medium,true
291,MALAPPURAM,KERALA,73.91846921797004,61.56405990016639,67.74126455906821,High,Health-driven,100.00,80.30,99.90,42.80,93.55,95.80,99.70,98.60,29.40,18.20,21.40,47.20,2.27,21.71,4.23,-0.47,21,7.50,0.56,157.00,High,true
118,DURG,CHHATTISGARH,65.89018302828619,69.93899057127011,67.91458679977815,High,Both equally,96.70,82.70,89.50,67.00,79.69,98.80,99.60,99.70,38.90,16.90,27.70,57.10,0.90,21.7,18.29,-0.17,11,13.70,11.89,192.00,High,true
338,SATNA,MADHYA PRADESH,28.951747088186355,43.316694398225174,36.134220743205766,Medium,Education-driven,85.50,76.30,55.40,22.00,73.79,23.30,99.20,90.20,49.40,16.80,31.20,81.80,1.18,21.67,19.98,-0.24,115,17.88,14.36,513.00,Medium,true
57,KARIMGANJ,ASSAM,36.64725457570715,31.419855795895728,34.03355518580144,Low,Health-driven,76.40,75.10,61.50,64.40,79.72,11.50,59.70,72.90,29.10,48.00,52.90,64.10,1.17,21.53,12.21,-0.41,-218,12.85,0.16,868.00,Low,true
40,BONGAIGAON,ASSAM,32.092346089850246,26.455906821963396,29.27412645590682,Low,Health-driven,84.50,67.90,72.50,57.60,70.44,19.70,92.90,79.80,46.20,20.20,35.30,77.20,1.83,21.47,10.30,-0.60,76,11.21,2.55,450.00,Medium,false
277,RAMANAGARA,KARNATAKA,78.28618968386024,52.35718247365502,65.32168607875764,High,Health-driven,100.00,100.00,89.60,35.70,69.20,99.90,99.90,94.30,15.60,20.00,19.80,60.20,1.91,21.46,15.62,-0.41,2,18.83,2.12,75.00,High,true
15,WEST GODAVARI,ANDHRA PRADESH,72.19217970049917,54.68663338879645,63.43940654464781,High,Health-driven,98.70,80.00,80.80,67.60,74.32,94.60,99.30,97.40,31.40,11.70,22.50,62.30,1.68,21.45,6.58,-0.27,30,20.62,2.77,448.00,High,true
506,DUNGARPUR,RAJASTHAN,54.866888519134775,37.382140876317244,46.12451469772601,Medium,Health-driven,94.10,83.30,59.90,97.50,60.78,33.90,94.60,82.70,31.40,15.60,25.90,79.80,0.70,21.45,27.68,-0.15,32,3.76,70.83,788.00,Medium,true
693,HAORA,WEST BENGAL,53.20299500831947,58.29173599556295,55.74736550194121,Medium,Education-driven,95.50,87.80,72.90,20.10,83.85,88.70,98.80,89.80,27.50,21.30,27.30,67.70,0.93,21.44,7.96,-0.23,229,14.82,0.31,371.00,Medium,true
155,JUNAGADH,GUJARAT,59.546589018302825,70.1608430393788,64.85371602884081,High,Education-driven,97.40,93.50,81.70,47.30,76.88,99.60,100.00,99.40,37.30,17.30,26.40,74.70,1.08,21.42,18.21,-0.34,-14,9.69,2.03,18.00,High,true
576,MEDAK,TELANGANA,46.23544093178037,41.90238491403216,44.068912922906264,Medium,Both equally,98.90,69.30,78.20,61.20,62.53,88.40,86.40,95.10,36.40,21.30,42.00,70.00,1.20,21.34,20.01,-0.17,56,17.74,5.57,551.00,Medium,true
700,NADIA,WEST BENGAL,64.2054908485857,55.87909040488075,60.04229062673322,Medium,Health-driven,97.70,89.90,78.40,23.00,75.58,74.40,100.00,91.60,26.10,17.60,25.10,63.60,1.19,21.33,8.23,-0.24,63,29.94,2.72,419.00,Medium,true
463,RAYAGADA,ODISHA,36.93843594009983,31.53078202995008,34.234608985024956,Low,Health-driven,68.90,92.70,50.50,45.50,50.88,18.80,99.60,85.80,43.60,16.10,39.80,70.50,1.35,21.31,22.74,-0.29,24,14.41,55.99,347.00,Low,true
7,GUNTUR,ANDHRA PRADESH,70.77787021630616,52.99500831946756,61.88643926788686,Medium,Health-driven,98.60,76.20,83.40,71.10,67.99,96.00,99.90,95.00,23.80,17.80,26.90,59.30,1.38,21.21,14.76,-0.26,46,19.59,5.06,536.00,Medium,true
133,SURAJPUR,CHHATTISGARH,59.06821963394343,31.752634498058793,45.41042706600111,Medium,Health-driven,85.90,78.70,75.40,75.70,null,25.80,99.90,88.80,27.60,19.30,32.30,51.10,1.75,21.11,null,-0.32,57,null,null,173.00,Medium,true
131,RAJNANDGAON,CHHATTISGARH,59.338602329450914,54.99168053244592,57.16514143094842,Medium,Both equally,95.50,91.00,79.20,80.80,76.97,87.80,99.90,90.80,27.60,19.40,31.00,80.50,1.32,21.11,20.21,-0.24,15,10.19,26.36,300.00,Medium,true
458,MAYURBHANJ,ODISHA,34.671381031613976,41.0981697171381,37.884775374376034,Medium,Education-driven,91.70,84.40,54.40,46.50,63.98,24.20,100.00,95.20,36.70,28.50,45.90,71.70,1.69,21.1,21.74,-0.39,304,7.33,58.72,550.00,Low,false
352,AKOLA,MAHARASTRA,39.99584026622296,55.13033832501386,47.56308929561841,Medium,Education-driven,97.70,69.50,69.50,40.10,87.55,87.90,98.00,98.20,31.80,29.40,30.80,77.50,3.11,21.08,10.98,-0.75,52,20.07,5.53,143.00,Medium,true
334,RAJGARH,MADHYA PRADESH,37.33361064891847,33.887964503605104,35.610787576261785,Low,Both equally,91.70,71.90,47.80,27.10,62.68,25.80,96.30,90.90,27.60,22.40,26.80,77.50,1.34,21.05,25.31,-0.17,113,19.13,3.48,361.00,Low,true
348,UJJAIN,MADHYA PRADESH,43.0324459234609,42.346089850249584,42.68926788685524,Medium,Both equally,97.10,93.70,72.80,35.70,73.55,34.00,94.80,89.30,34.70,29.80,36.20,81.60,1.10,21.03,23.80,-0.30,11,26.37,2.45,342.00,Medium,true
190,PANIPAT,HARYANA,64.89184692179701,71.8524681087077,68.37215751525235,High,Education-driven,97.10,80.60,79.30,26.50,77.46,98.10,100.00,99.20,25.10,9.90,18.90,73.40,0.80,20.88,17.22,-0.21,20,17.11,0.00,171.00,High,true
356,BID,MAHARASTRA,32.88269550748752,43.843594009983356,38.36314475873544,Medium,Education-driven,94.00,75.90,66.40,9.30,73.53,60.90,98.30,93.50,40.80,28.40,36.80,61.00,2.19,20.87,21.70,-0.60,120,13.59,1.27,188.00,Medium,true
353,AMRAVATI,MAHARASTRA,45.361896838602334,64.80865224625624,55.08527454242929,Medium,Education-driven,91.30,92.50,75.70,31.90,88.23,88.50,100.00,99.30,29.00,26.20,38.00,74.40,1.89,20.76,9.18,-0.55,51,17.53,13.99,255.00,Medium,true
313,DATIA,MADHYA PRADESH,43.947587354409315,47.47642817526344,45.71200776483638,Medium,Both equally,89.40,79.60,66.80,30.90,73.50,29.20,98.90,92.50,36.80,16.40,29.40,72.80,0.98,20.75,24.99,-0.21,67,25.46,1.91,181.00,Medium,true
689,BANKURA,WEST BENGAL,42.450083194675535,49.91680532445923,46.18344425956738,Medium,Education-driven,93.30,85.00,49.20,43.40,70.95,83.00,100.00,90.90,30.30,26.00,38.80,67.10,1.61,20.74,20.56,-0.40,90,32.65,10.25,463.00,Medium,true
138,DIU,DADRA AND NAGAR HAVELI & DAMAN AND DIU,68.53161397670549,80.39378813089296,74.46270105379922,High,Education-driven,95.70,92.90,89.70,64.00,83.36,100.00,100.00,100.00,33.90,17.40,28.50,62.80,0.59,20.72,15.41,-0.11,0,3.58,0.24,4.00,High,true
61,MORIGAON,ASSAM,48.73128119800333,30.2828618968386,39.50707154742096,Medium,Health-driven,88.30,73.40,62.30,62.50,69.37,16.50,98.20,78.70,43.20,16.10,30.50,53.30,1.58,20.63,8.67,-0.55,30,12.31,14.29,462.00,Medium,true
41,CACHAR,ASSAM,37.250415973377706,32.36272878535774,34.80657237936772,Low,Both equally,79.20,70.40,57.60,57.90,80.36,18.30,76.90,79.40,28.70,30.70,38.20,61.80,1.47,20.61,11.23,-0.46,130,15.25,1.01,791.00,Low,true
255,BANGALORE RURAL,KARNATAKA,70.29950083194676,63.14475873544094,66.72212978369384,High,Health-driven,100.00,92.70,88.80,34.90,78.29,99.10,100.00,95.50,36.60,16.20,23.80,60.80,1.31,20.57,14.71,-0.38,2,21.57,5.34,61.00,High,true
49,GOALPARA,ASSAM,46.1314475873544,27.703826955074874,36.91763727121464,Medium,Health-driven,92.30,70.30,75.30,71.10,68.67,16.60,90.30,84.60,38.90,24.30,35.40,60.70,1.51,20.54,8.14,-0.39,6,4.47,22.97,635.00,Medium,true
335,RATLAM,MADHYA PRADESH,57.02995008319468,41.32002218524681,49.174986134220745,Medium,Health-driven,95.20,93.00,69.40,37.90,68.03,23.30,90.00,91.30,29.00,16.20,28.60,74.00,0.59,20.53,22.95,-0.19,92,13.65,28.17,367.00,Medium,true
114,BIJAPUR,CHHATTISGARH,25.31198003327787,15.696062118691069,20.50402107598447,Low,Health-driven,63.60,78.40,30.60,73.50,null,28.20,79.70,61.90,53.80,20.00,46.10,77.20,2.61,20.49,null,-0.04,70,null,null,98.00,Low,true
500,BIKANER,RAJASTHAN,51.39351081530782,43.677204658901836,47.53535773710483,Medium,Health-driven,90.00,75.60,79.80,87.40,65.92,54.60,99.70,79.10,22.80,25.60,28.50,82.40,1.06,20.49,23.13,-0.22,73,20.88,0.33,615.00,Medium,true
461,NUAPADA,ODISHA,41.49334442595674,36.68885191347753,39.091098169717135,Medium,Both equally,89.80,97.00,58.40,45.30,58.20,18.60,100.00,94.00,43.10,18.10,38.00,73.50,1.78,20.47,26.34,-0.76,40,13.46,33.80,59.00,Medium,true
340,SEONI,MADHYA PRADESH,51.70549084858569,30.255130338325014,40.98031059345535,Medium,Health-driven,94.80,88.80,56.20,44.60,73.01,13.90,87.20,86.60,23.50,21.10,31.10,71.80,1.49,20.46,17.66,-0.30,72,9.48,37.69,212.00,Medium,true
342,SHAJAPUR,MADHYA PRADESH,54.34692179700499,45.86799778147532,50.10745978924015,Medium,Health-driven,98.10,90.00,74.50,34.30,70.17,32.10,95.80,89.80,27.80,23.40,27.60,76.10,0.67,20.44,26.84,-0.11,7,23.40,2.50,196.00,Medium,true
130,RAIPUR,CHHATTISGARH,49.89600665557404,66.27842484747642,58.08721575152523,Medium,Education-driven,90.70,74.20,84.00,76.90,76.43,99.40,100.00,97.90,32.20,21.70,32.30,74.60,1.20,20.42,20.29,-0.21,34,17.82,11.72,230.00,Medium,true
188,PALWAL,HARYANA,50.64475873544093,66.27842484747643,58.46159179145868,Medium,Education-driven,78.30,69.00,80.30,23.50,70.32,93.20,100.00,98.10,31.00,9.90,21.00,71.60,0.69,20.4,26.20,-0.20,31,19.48,0.00,167.00,Medium,true
694,HUGLI,WEST BENGAL,56.19800332778702,60.92623405435385,58.56211869107044,Medium,Both equally,97.00,95.40,76.20,26.50,82.55,89.50,99.90,93.50,28.90,20.00,33.40,67.90,1.22,20.36,10.98,-0.38,121,24.35,4.15,214.00,Medium,true
333,RAISEN,MADHYA PRADESH,49.08485856905158,45.70160843039378,47.39323349972268,Medium,Both equally,96.00,null,69.60,41.00,74.26,25.50,96.10,95.60,30.40,21.10,25.40,61.10,1.17,20.34,17.41,-0.19,24,16.96,15.40,244.00,Medium,true
369,NAGPUR,MAHARASTRA,55.678036605657226,66.77759290072102,61.22781475318912,Medium,Education-driven,100.00,89.40,88.90,25.60,89.52,96.30,100.00,99.00,27.60,34.00,33.90,70.50,1.79,20.33,8.69,-0.37,45,18.65,9.40,352.00,Medium,true
330,NARSIMHAPUR,MADHYA PRADESH,51.37271214642262,42.01331114808652,46.69301164725457,Medium,Health-driven,91.40,82.70,77.00,49.40,76.79,23.30,99.40,80.30,32.00,19.60,28.10,73.40,1.27,20.27,17.56,-0.27,-4,16.87,13.36,192.00,Medium,true
442,BHADRAK,ODISHA,54.492512479201324,49.2512479201331,51.87188019966722,Medium,Health-driven,96.10,83.70,62.00,44.90,72.51,52.70,100.00,94.80,32.30,15.80,28.90,68.70,2.06,20.16,29.48,-0.76,437,22.23,2.02,147.00,Medium,true
339,SEHORE,MADHYA PRADESH,44.92512479201331,41.26455906821963,43.09484193011647,Medium,Both equally,94.70,60.30,75.20,33.20,71.11,31.10,92.50,75.80,21.90,20.30,27.60,82.40,0.59,20.13,23.54,-0.02,7,20.69,11.10,270.00,Medium,true
47,DIBRUGARH,ASSAM,56.98835274542429,45.53521907931226,51.261785912368275,Medium,Health-driven,93.10,83.80,75.30,58.80,76.22,27.00,98.70,83.80,27.30,20.60,32.00,66.40,0.94,20.1,13.07,-0.20,63,4.44,7.76,525.00,Medium,true
44,DARRANG,ASSAM,32.90349417637271,28.840820854132,30.872157515252354,Low,Both equally,84.40,57.10,67.90,53.70,64.55,20.20,94.90,84.60,42.00,27.00,33.10,66.80,1.49,20,7.96,-0.43,58,4.34,0.91,446.00,Low,true
18,CHANGLANG,ARUNACHAL PRADESH,54.80449251247921,37.2712146422629,46.03785357737105,Medium,Health-driven,75.10,70.90,82.30,40.50,61.90,53.90,95.30,75.10,26.30,16.30,25.00,65.30,0.97,20,18.72,0.22,10,0.00,36.35,68.00,Medium,true
525,UDAIPUR,RAJASTHAN,60.12895174708818,36.27287853577371,48.20091514143094,Medium,Health-driven,96.10,86.80,60.30,94.30,62.74,40.00,95.20,67.40,34.00,8.60,26.60,76.90,0.90,19.92,26.81,-0.20,96,6.14,49.71,1385.00,Medium,true
504,DAUSA,RAJASTHAN,51.49750415973378,41.042706600110925,46.270105379922356,Medium,Health-driven,98.20,92.10,59.40,91.20,69.17,43.10,97.20,82.50,37.70,20.70,33.50,74.40,1.13,19.9,32.21,-0.32,58,21.68,26.51,378.00,Medium,true
437,ANUGUL,ODISHA,47.1089850249584,41.042706600110925,44.075845812534666,Medium,Health-driven,85.70,87.00,66.40,63.10,78.96,30.10,100.00,71.90,28.10,25.10,30.50,75.30,2.13,19.68,16.62,-0.22,23,18.81,14.10,110.00,Medium,true
23,KURUNG KUMEY,ARUNACHAL PRADESH,50.95673876871881,18.580144204104272,34.76844148641154,Low,Health-driven,69.20,71.40,78.30,13.40,50.67,18.00,70.60,17.50,29.20,15.10,13.90,62.40,1.39,19.63,12.97,0.03,4,0.00,98.58,61.00,Low,true
308,BHOPAL,MADHYA PRADESH,55.32445923460899,67.77592900721021,61.550194120909595,Medium,Education-driven,98.30,null,79.60,50.70,82.26,65.60,99.40,95.70,19.90,20.60,29.10,68.50,0.28,19.6,10.83,-0.05,26,15.08,2.93,341.00,Medium,true
440,BARGARH,ODISHA,60.08735440931779,35.108153078202996,47.59775374376039,Medium,Health-driven,99.60,95.90,61.90,45.50,null,30.00,99.00,95.80,38.90,18.00,30.00,56.20,1.89,19.59,18.44,-0.41,379,null,null,174.00,Medium,true
562,ADILABAD,TELANGANA,25.790349417637273,40.48807542983915,33.139212423738215,Low,Education-driven,94.10,69.30,50.80,63.60,61.55,85.10,86.00,87.90,45.70,29.50,52.00,76.30,0.96,19.57,19.23,-0.26,51,17.82,18.09,453.00,Medium,false
16,Y.S.R.,ANDHRA PRADESH,72.15058236272878,43.649473100388235,57.90002773155851,Medium,Health-driven,99.40,83.00,85.40,73.30,67.88,92.60,94.40,94.60,34.40,14.10,26.70,60.60,1.75,19.55,21.15,-0.27,59,16.16,2.63,262.00,Medium,true
581,NIZAMABAD,TELANGANA,51.91347753743761,41.930116472545755,46.92179700499168,Medium,Health-driven,97.30,86.10,72.50,52.30,62.25,89.00,92.20,93.90,30.50,26.20,38.40,65.30,1.36,19.55,20.33,-0.28,40,14.54,7.56,361.00,Medium,true
396,EAST GARO HILLS,MEGHALAYA,53.93094841930116,26.428175263449805,40.17956184137548,Medium,Health-driven,73.80,72.40,83.90,71.90,75.51,14.40,65.30,50.60,39.70,20.10,26.50,28.00,1.56,19.47,8.24,-0.58,-14,0.16,95.99,146.00,Medium,true
269,HASSAN,KARNATAKA,76.16472545757073,65.89018302828619,71.02745424292846,High,Health-driven,100.00,96.80,87.90,36.90,75.89,99.80,100.00,99.00,27.10,15.20,23.80,63.60,1.51,19.47,15.25,-0.56,6,19.42,1.82,89.00,High,true
296,WAYANAD,KERALA,79.26372712146423,49.63948973932335,64.45160843039379,High,Health-driven,100.00,86.40,97.60,64.80,89.32,78.20,99.30,86.80,31.30,16.10,22.50,39.40,3.38,19.42,6.90,-0.58,0,3.99,18.53,21.00,High,true
5,CHITTOOR,ANDHRA PRADESH,64.72545757071548,51.081530782029944,57.90349417637271,Medium,Health-driven,97.10,66.60,74.60,70.70,72.36,97.30,98.40,94.40,27.10,14.80,27.90,54.90,1.64,19.42,17.50,-0.44,50,18.83,3.81,652.00,Medium,true
441,BAUDH,ODISHA,48.21131447587354,49.001663893510816,48.60648918469218,Medium,Both equally,93.40,91.80,52.90,44.70,83.25,35.50,100.00,87.80,37.00,20.10,38.60,56.20,2.11,19.4,8.00,-0.53,3,23.79,12.55,20.00,Medium,true
178,FATEHABAD,HARYANA,72.19217970049917,66.6112035496395,69.40169162506933,High,Health-driven,97.90,90.70,87.30,29.40,69.13,99.70,100.00,98.20,24.60,16.00,26.60,59.30,0.90,19.33,18.81,-0.19,34,30.19,0.00,163.00,High,true
304,BALAGHAT,MADHYA PRADESH,49.56322795341097,45.812534664448144,47.68788130892956,Medium,Both equally,95.10,75.80,79.60,68.40,78.29,17.90,100.00,91.80,41.90,20.50,44.90,56.80,1.77,19.31,17.39,-0.42,16,7.37,22.51,201.00,Medium,true
112,BASTAR,CHHATTISGARH,21.651414309484192,34.41486411536328,28.033139212423734,Low,Education-driven,63.50,57.30,61.00,69.30,54.94,33.10,99.70,84.90,48.10,20.40,45.20,80.70,1.71,19.31,21.21,-0.41,8,2.69,65.93,278.00,Low,true
8,KRISHNA,ANDHRA PRADESH,73.93926788685525,55.795895729339996,64.86758180809763,High,Health-driven,98.90,90.00,79.10,68.10,74.37,92.60,99.20,96.70,29.80,14.30,21.10,65.70,1.52,19.31,9.51,-0.35,29,19.28,2.93,462.00,High,true
512,JHALAWAR,RAJASTHAN,46.40183028286191,38.10316139767055,42.25249584026623,Medium,Health-driven,98.30,81.50,62.10,93.60,62.13,44.20,96.40,69.30,34.00,29.00,38.10,73.10,0.88,19.31,29.41,-0.62,28,17.26,12.91,341.00,Medium,true
498,BHARATPUR,RAJASTHAN,45.6738768718802,42.01331114808652,43.84359400998336,Medium,Both equally,92.10,64.10,62.70,84.80,71.16,58.30,91.90,77.50,40.30,12.20,29.10,75.70,0.93,19.25,31.07,-0.17,75,21.87,2.12,533.00,Medium,true
517,NAGAUR,RAJASTHAN,66.30615640599002,43.677204658901836,54.991680532445926,Medium,Health-driven,97.00,80.60,79.00,90.00,64.08,52.20,99.00,77.30,31.50,16.20,26.20,65.10,0.87,19.17,30.27,-0.27,180,21.16,0.32,667.00,Medium,true
514,JODHPUR,RAJASTHAN,63.706322795341094,45.1747088186356,54.440515806988344,Medium,Health-driven,90.00,81.20,75.40,87.50,67.09,52.80,98.40,77.00,32.60,13.30,25.40,64.40,0.79,19.14,27.89,-0.24,115,16.49,3.23,986.00,Medium,true
641,KANPUR DEHAT,UTTAR PRADESH,33.901830282861894,51.96894065446478,42.93538546866334,Medium,Education-driven,84.30,56.30,70.60,17.90,77.52,30.20,99.90,95.60,44.10,12.50,32.80,69.20,1.49,19.1,16.79,-0.48,7,25.64,0.05,317.00,Medium,true
193,SIRSA,HARYANA,59.213810316139764,63.20022185246811,61.20701608430394,Medium,Both equally,99.30,null,81.90,26.60,70.35,98.70,99.90,98.50,25.00,12.60,23.40,70.10,1.17,19.04,17.48,-0.30,35,29.91,0.00,218.00,Medium,true
499,BHILWARA,RAJASTHAN,66.5973377703827,39.406544647809206,53.001941209095946,Medium,Health-driven,95.00,83.20,62.30,89.10,62.71,54.20,97.80,80.40,22.60,17.40,23.50,62.70,1.17,19.01,29.23,-0.37,141,16.94,9.52,597.00,Medium,true
10,PRAKASAM,ANDHRA PRADESH,68.05324459234609,46.228508042151965,57.140876317249024,Medium,Health-driven,97.40,51.90,78.40,67.60,63.53,93.60,98.30,96.20,22.60,8.70,24.70,62.60,1.88,18.97,20.14,-0.33,51,23.19,4.45,437.00,Medium,true
399,NORTH GARO HILLS,MEGHALAYA,60.27454242928452,28.50804215196894,44.39129229062673,Medium,Health-driven,61.50,47.50,84.90,60.80,null,15.70,72.00,72.80,35.60,11.70,15.80,30.20,0.56,18.94,null,-0.22,-4,null,null,123.00,Medium,true
195,YAMUNANAGAR,HARYANA,60.52412645590682,68.71880199667221,64.62146422628952,High,Education-driven,94.80,82.90,83.50,20.60,78.93,97.80,100.00,96.80,27.70,12.10,23.10,72.90,0.94,18.92,13.07,-0.28,5,25.26,0.00,196.00,High,true
281,UTTARA KANNADA,KARNATAKA,61.35607321131446,57.09927897947865,59.22767609539655,Medium,Both equally,99.30,93.60,89.60,32.00,84.03,99.80,100.00,87.10,29.60,21.90,33.30,69.00,2.75,18.88,11.51,-0.64,5,8.10,2.38,37.00,Medium,true
361,GONDIYA,MAHARASTRA,44.55074875207987,62.00776483638381,53.27925679423184,Medium,Education-driven,99.10,88.20,74.30,30.60,85.41,86.10,99.90,99.10,36.90,23.70,35.60,78.00,2.52,18.88,16.24,-0.72,10,13.31,16.20,58.00,Medium,true
189,PANCHKULA,HARYANA,73.16971713810317,66.00110926234053,69.58541320022185,High,Health-driven,97.00,85.10,82.60,19.90,83.44,93.70,100.00,92.20,21.80,12.00,19.30,53.10,0.98,18.8,11.17,-0.11,3,18.14,0.00,144.00,High,true
358,CHANDRAPUR,MAHARASTRA,42.51247920133112,61.952301719356626,52.23239046034387,Medium,Education-driven,99.60,95.00,77.30,28.90,81.35,91.80,100.00,99.00,37.30,38.50,46.60,76.60,2.54,18.79,15.08,-0.55,24,15.80,17.67,138.00,Medium,true
380,SATARA,MAHARASTRA,53.889351081530776,61.56405990016638,57.72670549084857,Medium,Education-driven,97.10,82.80,78.70,11.40,84.20,89.60,100.00,97.00,20.20,20.50,28.00,68.90,2.06,18.75,15.80,-0.47,12,10.76,0.99,175.00,Medium,true
453,KENDRAPARA,ODISHA,67.67886855241265,48.447032723239055,58.06295063782585,Medium,Health-driven,96.70,82.80,57.30,50.00,85.93,36.30,99.80,84.90,28.60,7.90,17.90,61.50,1.98,18.74,12.94,-0.62,336,21.51,0.66,231.00,Medium,true
12,SRIKAKULAM,ANDHRA PRADESH,70.75707154742096,43.9822518025513,57.36966167498613,Medium,Health-driven,97.90,82.80,71.60,75.60,62.30,95.90,92.10,92.80,19.70,19.50,21.40,59.60,1.26,18.73,19.69,-0.17,49,9.46,6.15,285.00,Medium,true
355,BHANDARA,MAHARASTRA,51.45590682196339,62.20188574597892,56.828896283971154,Medium,Education-driven,100.00,87.00,81.80,30.00,85.14,97.70,99.60,99.30,31.30,28.40,33.90,72.80,3.26,18.72,16.15,-0.59,14,16.69,7.41,66.00,Medium,true
38,BARPETA,ASSAM,46.98419301164726,26.89961175818081,36.94190238491403,Medium,Health-driven,87.60,54.60,63.70,58.90,65.03,19.70,95.40,64.50,29.80,19.50,26.20,63.50,1.52,18.72,11.68,-0.46,40,5.63,1.62,929.00,Medium,true
494,ALWAR,RAJASTHAN,53.8477537437604,44.2318358291736,49.039794786467,Medium,Health-driven,91.30,59.40,66.00,80.80,71.68,58.30,85.50,80.30,33.90,15.60,24.00,63.20,0.76,18.71,28.30,-0.17,63,17.77,7.87,796.00,Medium,true
570,KARIMNAGAR,TELANGANA,61.00249584026623,51.663893510815306,56.33319467554077,Medium,Health-driven,98.40,73.40,78.80,58.60,64.87,93.00,98.60,96.00,30.30,13.90,27.50,70.80,1.22,18.66,19.54,-0.29,49,18.80,2.83,518.00,Medium,true
503,CHURU,RAJASTHAN,57.07154742096506,53.32778702163062,55.199667221297844,Medium,Both equally,87.80,74.30,80.20,81.90,67.46,75.50,99.60,83.20,27.10,16.50,23.40,78.10,0.61,18.63,25.70,-0.09,50,22.15,0.55,453.00,Medium,true
477,FIROZPUR,PUNJAB,57.25873544093178,59.1236827509706,58.191209095951194,Medium,Both equally,95.50,74.50,84.80,21.00,69.85,99.70,100.00,99.70,30.00,12.90,22.00,73.40,3.38,18.6,14.46,-0.31,7,42.17,0.00,280.00,Medium,true
520,RAJSAMAND,RAJASTHAN,54.326123128119804,43.59400998336107,48.96006655574044,Medium,Health-driven,95.10,71.70,72.10,93.20,63.93,62.50,99.80,82.50,30.30,16.60,23.70,84.30,1.31,18.58,31.08,-0.20,41,12.81,13.90,302.00,Medium,true
704,PURBA MEDINIPUR,WEST BENGAL,55.178868552412645,49.528563505269,52.35371602884082,Medium,Health-driven,91.50,88.40,69.80,21.50,87.66,71.80,97.70,78.50,25.80,15.50,30.60,67.50,1.53,18.56,11.33,-0.48,41,14.63,0.55,282.00,Medium,true
6,EAST GODAVARI,ANDHRA PRADESH,64.05990016638935,56.87742651136994,60.46866333887965,Medium,Health-driven,96.60,59.00,77.70,66.40,71.35,95.40,98.60,95.90,23.10,14.30,22.40,66.80,1.16,18.49,7.09,-0.22,60,18.34,4.14,512.00,Medium,true
109,BALOD,CHHATTISGARH,63.41514143094842,48.89073765945647,56.15293954520244,Medium,Health-driven,97.40,85.20,83.80,79.50,null,98.30,99.90,97.60,33.60,15.10,36.00,68.30,2.07,18.44,null,-0.53,6,null,null,75.00,Medium,true
446,GAJAPATI,ODISHA,43.49001663893511,39.48973932334997,41.48987798114254,Medium,Both equally,76.40,92.60,58.30,39.60,54.29,20.30,100.00,90.30,43.40,16.10,34.30,64.40,1.29,18.43,21.99,-0.46,-28,6.78,54.29,105.00,Medium,true
455,KHORDHA,ODISHA,75.99833610648918,56.62784248474765,66.31308929561841,High,Health-driven,97.80,87.90,73.20,43.20,87.51,47.40,99.40,93.00,17.10,13.20,16.90,56.10,1.46,18.36,10.49,-0.37,6,13.21,5.11,128.00,High,true
140,SOUTH GOA,GOA,66.90931780366057,69.57848031059346,68.24389905712701,High,Both equally,100.00,null,88.20,67.70,85.53,99.70,100.00,97.60,28.30,21.40,21.00,50.00,1.48,18.34,12.14,-0.53,0,1.22,14.47,36.00,High,true
703,PASCHIM MEDINIPUR,WEST BENGAL,33.943427620632285,57.62617859123683,45.78480310593456,Medium,Education-driven,87.60,76.90,58.30,25.80,79.04,83.70,98.30,96.70,31.10,30.30,40.00,66.00,1.38,18.34,15.55,-0.38,179,19.08,14.88,515.00,Medium,true
561,VIRUDHUNAGAR,TAMIL NADU,62.5,67.72046589018304,65.11023294509152,High,Education-driven,97.80,76.70,59.80,51.30,80.75,98.80,99.90,98.50,29.20,14.40,23.70,58.90,1.37,18.33,15.32,-0.48,38,20.59,0.12,352.00,High,true
556,TIRUNELVELI,TAMIL NADU,80.15806988352745,66.88851913477536,73.52329450915141,High,Health-driven,100.00,93.30,79.80,61.30,82.92,93.40,100.00,98.90,29.40,12.00,22.70,49.90,1.57,18.27,13.28,-0.40,99,18.51,0.33,446.00,High,true
496,BARAN,RAJASTHAN,47.73294509151414,35.60732113144759,41.670133111480865,Medium,Health-driven,97.30,89.30,59.00,89.50,67.38,42.10,87.30,66.60,46.00,21.30,40.20,65.10,1.08,18.24,28.75,-0.36,40,18.09,22.64,308.00,Medium,true
579,NALGONDA,TELANGANA,51.60149750415973,43.150305047143654,47.37590127565169,Medium,Health-driven,98.30,78.30,76.40,64.80,65.05,85.40,93.40,96.10,31.70,29.80,28.00,74.50,1.80,18.2,19.89,-0.17,84,18.27,11.30,414.00,Medium,true
384,WARDHA,MAHARASTRA,55.137271214642254,67.38768718801997,61.26247920133111,Medium,Education-driven,98.80,92.40,80.20,27.10,87.22,99.10,100.00,99.40,27.70,28.10,31.30,71.40,3.17,18.18,10.38,-0.97,4,14.52,11.49,75.00,Medium,true
125,KORIYA,CHHATTISGARH,56.2396006655574,48.058790904048806,52.1491957848031,Medium,Health-driven,80.80,87.10,73.30,62.80,71.41,60.90,99.90,89.70,32.10,18.10,31.80,56.30,1.72,18.16,20.51,-0.34,7,8.31,46.18,138.00,Medium,true
493,AJMER,RAJASTHAN,61.168885191347755,54.18746533555185,57.6781752634498,Medium,Health-driven,95.10,78.90,77.50,88.70,70.46,74.20,100.00,82.90,22.30,20.00,23.10,76.30,0.92,18.11,27.51,-0.19,160,18.51,2.46,397.00,Medium,true
50,GOLAGHAT,ASSAM,52.93261231281198,40.84858569051581,46.8905990016639,Medium,Health-driven,90.40,72.40,73.10,69.30,78.31,25.10,97.20,67.90,26.30,19.20,25.50,75.10,1.19,18.05,12.02,-0.45,-18,5.84,10.48,357.00,Medium,true
537,KANCHEEPURAM,TAMIL NADU,67.45008319467554,72.8508042151969,70.15044370493622,High,Education-driven,100.00,69.10,75.90,59.70,85.29,99.30,99.60,98.70,20.60,15.70,19.80,68.80,1.05,17.99,10.17,-0.29,14,23.71,1.03,279.00,High,true
483,MANSA,PUNJAB,50.10399334442596,59.31780366056572,54.71089850249584,Medium,Education-driven,88.80,79.10,85.40,18.40,62.78,100.00,100.00,100.00,36.60,12.10,22.70,78.20,2.15,17.96,11.99,-0.67,5,33.63,0.00,139.00,Medium,true
518,PALI,RAJASTHAN,60.607321131447584,44.592346089850246,52.599833610648915,Medium,Health-driven,98.80,90.20,81.80,96.20,63.23,71.60,99.30,81.00,35.90,18.30,35.90,72.60,1.15,17.95,29.81,-0.20,76,19.54,7.10,333.00,Medium,true
535,DINDIGUL,TAMIL NADU,65.09983361064891,60.75984470327233,62.929839156960625,Medium,Both equally,97.00,92.60,61.00,71.90,76.85,98.50,99.80,97.30,27.10,21.10,28.40,50.20,1.86,17.94,16.09,-0.55,3,20.95,0.37,289.00,Medium,true
331,NEEMUCH,MADHYA PRADESH,56.11480865224625,50.388241819190235,53.25152523571825,Medium,Health-driven,97.50,88.70,68.90,43.30,71.81,34.50,98.90,94.20,33.00,13.10,27.70,77.20,1.12,17.88,28.65,-0.15,20,13.46,8.65,83.00,Medium,true
542,NAGAPATTINAM,TAMIL NADU,73.02412645590681,65.72379367720465,69.37396006655572,High,Health-driven,99.70,93.80,69.60,70.90,84.09,98.40,100.00,98.20,32.30,12.50,24.30,60.90,2.06,17.86,12.38,-0.67,12,31.54,0.23,174.00,High,true
11,SRI POTTI SRIRAMULU NELLO,ANDHRA PRADESH,59.692179700499175,50.49916805324458,55.09567387687188,Medium,Health-driven,97.00,65.30,81.80,72.30,69.15,94.20,93.40,95.20,29.20,17.20,27.80,67.50,1.21,17.84,13.63,-0.35,38,22.49,9.65,372.00,Medium,true
533,CUDDALORE,TAMIL NADU,70.75707154742096,69.07931225734886,69.9181919023849,High,Both equally,99.20,79.00,61.30,64.40,79.04,99.50,100.00,98.20,20.20,13.90,18.00,64.80,1.31,17.82,15.64,-0.42,21,29.32,0.60,259.00,High,true
292,PALAKKAD,KERALA,62.60399334442595,60.59345535219078,61.598724348308366,Medium,Both equally,100.00,51.80,99.00,53.80,88.49,93.90,99.70,95.80,29.70,21.70,27.70,51.90,2.45,17.79,7.28,-0.33,45,14.37,1.74,69.00,Medium,true
508,HANUMANGARH,RAJASTHAN,63.76871880199667,50.85967831392124,57.31419855795896,Medium,Health-driven,94.90,83.30,83.80,89.00,68.37,83.10,99.70,89.30,24.20,19.80,21.30,81.00,1.20,17.75,21.91,-0.31,16,27.85,0.81,259.00,High,false
402,SOUTH WEST GARO HILLS,MEGHALAYA,60.19134775374376,26.095396561286744,43.14337215751525,Medium,Health-driven,83.70,85.40,71.40,75.10,null,12.40,64.50,46.80,32.20,19.90,26.40,35.50,0.71,17.74,null,-0.21,-8,null,null,114.00,Medium,true
464,SAMBALPUR,ODISHA,50.79034941763727,41.76372712146423,46.27703826955075,Medium,Health-driven,99.50,98.00,62.40,49.30,null,32.70,100.00,94.00,40.70,25.50,36.30,64.50,1.55,17.73,16.70,-0.35,342,null,null,96.00,Medium,true
560,VILUPPURAM,TAMIL NADU,68.40682196339434,64.53133666112035,66.46907931225735,High,Both equally,99.10,88.50,53.80,77.60,72.08,99.20,100.00,99.90,23.90,12.40,20.50,73.40,1.73,17.71,17.07,-0.38,26,29.37,2.16,493.00,High,true
476,FAZILKA,PUNJAB,51.70549084858569,55.37992235163617,53.54270660011093,Medium,Both equally,91.70,60.50,81.80,20.60,null,100.00,100.00,99.90,35.90,9.50,20.20,70.00,2.46,17.7,null,-0.15,8,null,null,228.00,Medium,true
404,WEST GARO HILLS,MEGHALAYA,65.5990016638935,33.00055463117027,49.29977814753188,Medium,Health-driven,89.60,77.10,86.30,77.90,68.38,14.80,62.30,44.50,39.50,14.90,26.30,30.20,0.63,17.69,9.97,-0.21,-83,1.37,73.69,333.00,Medium,true
554,THOOTHUKKUDI,TAMIL NADU,78.78535773710482,64.19855795895728,71.49195784803105,High,Health-driven,100.00,100.00,79.40,57.80,86.52,95.60,100.00,97.50,20.30,18.40,21.00,55.60,2.34,17.63,9.65,-0.46,13,19.88,0.28,217.00,High,true
117,DHAMTARI,CHHATTISGARH,65.34941763727122,52.99500831946756,59.17221297836939,Medium,Health-driven,94.30,80.60,89.80,86.80,78.95,97.30,99.70,91.70,30.50,17.90,28.90,67.30,3.77,17.61,19.60,-0.90,19,7.33,25.96,45.00,Medium,true
452,KANDHAMAL,ODISHA,51.76788685524126,34.55352190793122,43.16070438158624,Medium,Health-driven,93.90,96.80,52.40,54.50,65.12,17.40,100.00,81.70,34.20,23.30,35.20,55.30,1.98,17.58,25.95,-0.44,25,15.76,53.58,127.00,Medium,true
262,CHIKMAGALUR,KARNATAKA,68.84359400998336,61.59179145867998,65.21769273433168,High,Health-driven,98.40,91.00,92.30,30.00,79.24,99.10,100.00,92.60,27.30,24.90,25.40,53.20,1.63,17.52,12.78,-0.53,2,22.29,3.95,51.00,High,true
184,KARNAL,HARYANA,65.91098169717138,71.630615640599,68.77079866888519,High,Education-driven,99.00,88.90,83.50,24.60,76.44,96.70,99.90,98.40,29.20,9.80,20.50,78.30,0.78,17.51,15.44,-0.07,21,22.56,0.00,199.00,High,true
14,VIZIANAGARAM,ANDHRA PRADESH,53.57737104825291,42.29062673322241,47.933998890737655,Medium,Health-driven,99.00,76.80,61.70,76.70,59.49,88.50,91.30,90.30,36.40,19.20,32.20,66.70,1.17,17.49,18.88,-0.29,38,10.57,10.05,229.00,Medium,true
549,THANJAVUR,TAMIL NADU,78.24459234608985,72.01885745978923,75.13172490293954,High,Health-driven,100.00,78.50,79.60,70.60,82.72,98.90,100.00,98.80,19.60,8.30,21.90,64.80,1.26,17.43,12.45,-0.39,12,18.91,0.15,277.00,High,true
183,KAITHAL,HARYANA,58.83943427620632,60.870770937326675,59.85510260676649,Medium,Both equally,98.20,74.30,89.70,29.10,70.56,96.60,99.20,98.80,29.90,20.70,29.90,61.40,1.25,17.39,18.64,-0.18,29,23.04,0.00,141.00,Medium,true
134,SURGUJA,CHHATTISGARH,61.3144758735441,41.84692179700499,51.580698835274546,Medium,Health-driven,85.30,84.60,75.80,65.10,61.16,44.10,99.90,90.00,29.40,17.50,30.60,51.40,1.80,17.33,20.35,-0.15,17,4.90,55.11,122.00,Medium,true
546,RAMANATHAPURAM,TAMIL NADU,75.99833610648919,65.22462562396008,70.61148086522464,High,Health-driven,99.60,90.40,78.60,69.70,81.48,98.00,99.90,96.70,26.40,17.70,21.60,57.20,1.48,17.3,12.96,-0.21,2,18.40,0.08,177.00,High,true
460,NAYAGARH,ODISHA,78.74376039933445,41.65280088740987,60.19828064337216,Medium,Health-driven,98.30,96.10,67.10,49.30,79.17,37.90,94.80,89.40,20.00,10.50,20.20,55.20,2.25,17.25,15.55,-0.72,82,14.17,6.10,35.00,Medium,true
398,EAST KHASI HILLS,MEGHALAYA,50.51996672212979,50.83194675540765,50.67595673876872,Medium,Both equally,63.40,49.10,80.90,47.10,84.70,38.60,71.80,82.90,44.60,11.20,23.80,39.00,0.69,17.25,1.11,-0.13,-26,0.68,80.05,334.00,Medium,true
182,JIND,HARYANA,68.71880199667221,68.88519134775375,68.80199667221298,High,Both equally,98.70,77.50,88.50,23.70,72.73,98.40,100.00,97.10,25.50,8.80,22.90,68.90,0.85,17.2,20.91,-0.20,53,21.16,0.00,111.00,High,true
406,WEST KHASI HILLS,MEGHALAYA,50,38.657792567942316,44.32889628397116,Medium,Health-driven,41.70,62.50,87.80,60.10,79.30,17.60,64.80,38.60,59.00,8.00,31.10,56.20,0.78,17.19,1.99,-0.22,7,0.04,97.82,243.00,Medium,true
192,ROHTAK,HARYANA,61.522462562396,80.64337215751524,71.08291735995562,High,Education-driven,97.40,77.40,90.00,24.80,80.37,100.00,100.00,99.90,28.90,12.50,22.10,76.20,0.72,17.11,17.23,-0.09,23,20.44,0.00,196.00,High,true
541,MADURAI,TAMIL NADU,78.28618968386023,68.91292290626733,73.59955629506378,High,Health-driven,100.00,88.80,80.10,66.30,81.66,98.50,100.00,98.30,32.40,9.50,21.50,54.30,1.46,17.1,9.81,-0.21,14,13.46,0.37,266.00,High,true
445,DHENKANAL,ODISHA,52.204658901830285,51.02606766500276,51.61536328341653,Medium,Both equally,94.80,88.60,58.20,55.20,79.41,29.60,100.00,94.70,33.30,22.70,30.00,62.00,2.34,17.09,15.68,-1.01,33,19.62,13.59,63.00,Medium,true
553,THIRUVARUR,TAMIL NADU,79.61730449251247,67.60953965612867,73.61342207432057,High,Health-driven,100.00,97.10,71.00,75.20,83.26,99.00,99.90,99.60,19.80,18.40,21.50,45.00,2.15,17.09,12.63,-0.71,6,34.09,0.24,92.00,High,true
443,CUTTACK,ODISHA,70.77787021630617,59.67831392124236,65.22809206877426,High,Health-driven,98.90,90.40,60.20,42.30,84.20,40.50,100.00,96.50,20.40,14.20,18.90,63.80,1.74,17.04,12.87,-0.55,-87,19.00,3.57,228.00,Medium,false
571,KHAMMAM,TELANGANA,69.13477537437603,43.78813089295619,56.46145313366611,Medium,Health-driven,97.90,86.60,84.50,60.40,65.46,92.10,97.40,92.50,22.20,24.70,26.20,60.50,2.11,17.02,15.35,-0.21,79,16.55,27.37,215.00,Medium,true
521,SAWAI MADHOPUR,RAJASTHAN,52.391846921797004,40.18302828618968,46.28743760399334,Medium,Health-driven,97.40,54.90,71.20,80.50,66.19,62.00,96.60,79.50,26.90,22.00,24.20,73.30,1.35,17.02,34.92,0.18,44,20.87,21.40,180.00,Medium,true
43,CHIRANG,ASSAM,37.957570715474205,30.449251247920134,34.20341098169717,Low,Health-driven,83.70,71.10,77.10,61.50,64.71,16.30,90.00,85.70,42.70,19.50,39.70,70.40,1.33,16.99,13.48,-0.39,12,7.29,37.06,140.00,Medium,false
108,CHANDIGARH,CHANDIGARH,75,71.49195784803106,73.24597892401553,High,Both equally,96.90,80.90,85.00,32.20,86.43,100.00,100.00,100.00,25.30,8.40,20.60,54.60,2.48,16.96,9.16,-0.67,2,18.86,0.00,0.00,High,true
462,PURI,ODISHA,83.48585690515807,54.936217415418746,69.21103716028841,High,Health-driven,97.70,95.80,67.30,61.50,85.37,35.00,100.00,92.80,13.80,8.90,11.30,51.00,1.98,16.92,13.17,-0.56,28,19.14,0.36,108.00,High,true
547,SALEM,TAMIL NADU,75.51996672212978,65.61286744315031,70.56641708264004,High,Health-driven,100.00,77.00,64.50,67.50,73.23,99.50,100.00,98.00,23.60,10.10,20.80,51.30,1.40,16.92,15.27,-0.31,28,16.67,3.43,386.00,High,true
58,KOKRAJHAR,ASSAM,34.10981697171381,30.671103716028842,32.390460343871325,Low,Both equally,81.90,51.10,72.20,50.20,66.63,10.90,73.20,85.20,34.60,20.50,35.20,74.70,1.20,16.92,13.90,-0.36,41,3.33,31.41,416.00,Low,true
509,JAIPUR,RAJASTHAN,73.0865224625624,57.293399889073775,65.18996117581808,High,Health-driven,97.30,89.30,79.60,81.50,76.44,67.90,98.10,87.00,25.00,14.60,20.80,71.30,0.74,16.92,22.64,-0.09,154,15.14,7.97,972.00,High,true
132,SUKMA,CHHATTISGARH,27.828618968386024,21.46422628951747,24.646422628951747,Low,Health-driven,81.20,73.30,35.50,78.10,null,22.90,92.20,71.20,41.80,21.20,37.40,91.40,2.04,16.89,null,0.07,-13,null,null,76.00,Low,true
121,JASHPUR,CHHATTISGARH,60.232945091514146,36.32834165280089,48.28064337215751,Medium,Health-driven,85.60,94.20,72.80,80.60,68.60,20.90,99.90,82.80,35.80,17.00,33.60,54.10,2.25,16.84,19.19,-0.21,1,5.74,62.28,128.00,Medium,true
558,TIRUVANNAMALAI,TAMIL NADU,69.55074875207987,66.22296173044924,67.88685524126456,High,Both equally,99.10,97.10,61.70,69.60,74.72,99.90,100.00,98.40,30.60,14.80,25.00,64.70,1.72,16.84,18.02,-0.67,20,22.94,3.69,473.00,High,true
531,CHENNAI,TAMIL NADU,81.86356073211314,78.70216306156405,80.2828618968386,High,Both equally,100.00,96.60,90.40,58.20,90.33,99.90,99.80,99.70,20.40,18.30,21.90,55.30,1.03,16.82,6.31,-0.33,30,16.78,0.22,209.00,High,true
484,MOGA,PUNJAB,67.3044925124792,63.81031613976705,65.55740432612313,High,Both equally,93.00,80.60,87.80,23.70,71.59,100.00,100.00,100.00,22.00,12.00,16.80,70.30,2.73,16.79,7.89,-0.27,15,36.50,0.00,169.00,High,true
471,AMRITSAR,PUNJAB,63.83111480865225,66.86078757626179,65.34595119245702,High,Both equally,95.90,65.80,86.00,26.20,77.20,100.00,100.00,97.90,19.40,11.90,11.20,73.60,1.75,16.79,8.45,-0.16,34,30.95,0.00,305.00,High,true
473,BATHINDA,PUNJAB,57.404326123128115,61.952301719356626,59.67831392124237,Medium,Both equally,93.10,66.50,88.40,20.10,69.57,100.00,100.00,99.90,23.00,15.40,23.80,69.60,3.19,16.78,12.38,-0.06,18,32.44,0.00,193.00,Medium,true
318,GWALIOR,MADHYA PRADESH,50.145590682196335,54.021075984470315,52.08333333333333,Medium,Both equally,94.80,80.50,83.20,40.60,77.93,51.90,100.00,89.60,40.10,12.40,33.00,78.40,1.65,16.76,18.01,0.09,27,19.34,3.55,224.00,Medium,true
502,CHITTAURGARH,RAJASTHAN,62.35440931780365,36.24514697726013,49.29977814753189,Medium,Health-driven,96.80,87.80,63.80,90.60,62.51,55.30,97.60,80.30,31.40,14.60,25.90,72.40,1.81,16.69,30.76,-0.61,69,16.20,13.05,302.00,Medium,true
287,KASARAGOD,KERALA,84.65058236272878,61.95230171935663,73.3014420410427,High,Health-driven,100.00,92.50,98.90,44.00,89.85,92.00,98.70,98.60,25.30,12.60,21.40,34.30,2.69,16.67,7.80,-0.67,1,4.08,3.74,35.00,High,true
552,THIRUVALLUR,TAMIL NADU,76.35191347753744,73.43316694398226,74.89254021075985,High,Both equally,100.00,88.60,75.60,57.40,83.82,99.30,99.90,98.20,18.10,17.00,20.60,58.40,1.13,16.65,10.79,-0.32,26,22.04,1.27,172.00,High,true
544,PERAMBALUR,TAMIL NADU,67.36688851913478,63.81031613976705,65.58860232945091,High,Both equally,100.00,92.50,57.40,75.50,74.68,99.50,100.00,98.00,29.10,15.90,22.30,69.20,1.98,16.64,17.28,-0.44,14,31.01,0.46,216.00,High,true
185,KURUKSHETRA,HARYANA,58.901830282861894,75.18025513033832,67.04104270660011,High,Education-driven,98.40,69.80,82.60,19.20,76.70,99.80,100.00,99.40,24.90,12.80,22.50,73.70,0.98,16.63,14.28,-0.26,18,22.30,0.00,201.00,High,true
360,GADCHIROLI,MAHARASTRA,42.28369384359401,46.367165834719906,44.32542983915695,Medium,Both equally,97.30,97.90,62.40,33.30,70.55,63.00,100.00,88.60,35.70,30.00,35.40,76.60,3.54,16.61,19.55,-0.60,21,11.25,38.71,50.00,Medium,true
174,AMBALA,HARYANA,71.92179700499167,80.7542983915696,76.33804769828063,High,Education-driven,97.80,79.30,87.20,19.00,82.89,100.00,100.00,99.50,24.10,10.90,13.70,64.20,0.84,16.61,11.83,-0.17,18,26.26,0.00,180.00,High,true
128,NARAYANPUR,CHHATTISGARH,29.575707154742094,26.899611758180807,28.23765945646145,Low,Both equally,74.20,81.70,52.80,83.10,null,21.80,99.70,41.10,43.70,21.50,39.50,86.80,2.02,16.59,null,-0.20,-18,null,null,52.00,Low,true
56,KARBI ANGLONG,ASSAM,46.110648918469224,37.520798668885185,41.81572379367721,Medium,Health-driven,74.90,64.30,75.20,54.10,73.52,19.50,72.30,84.20,31.60,17.20,28.20,67.50,1.12,16.57,17.50,-0.46,48,4.70,56.34,391.00,Medium,true
68,UDALGURI,ASSAM,37.60399334442596,31.17027176927343,34.38713255684969,Low,Health-driven,86.20,38.30,73.80,70.60,66.60,12.90,85.60,93.20,33.80,21.30,32.50,77.60,1.88,16.54,14.62,-0.58,94,4.55,32.15,191.00,Low,true
551,THENI,TAMIL NADU,82.9242928452579,62.86744315030504,72.89586799778147,High,Health-driven,100.00,95.20,74.40,67.40,77.62,98.10,100.00,94.70,20.20,15.50,18.80,46.80,1.66,16.54,15.76,-0.40,7,20.72,0.15,135.00,High,true
485,MUKTSAR,PUNJAB,49.12645590682196,63.144758735440924,56.135607321131445,Medium,Education-driven,96.40,57.60,82.90,23.90,66.79,100.00,100.00,99.20,35.00,13.60,30.70,69.00,1.72,16.51,12.87,-0.06,2,42.31,0.00,174.00,Medium,true
559,VELLORE,TAMIL NADU,77.64143094841928,66.94398225180254,72.2927066001109,High,Health-driven,99.50,92.70,76.20,71.40,79.65,98.40,100.00,97.20,29.80,13.10,19.70,60.90,1.49,16.47,14.53,-0.45,20,21.85,1.85,291.00,High,true
290,KOZHIKODE,KERALA,87.56239600665558,61.425402107598444,74.49389905712701,High,Health-driven,100.00,88.80,99.60,61.10,95.24,96.90,99.80,94.90,21.30,14.10,18.90,32.10,3.80,16.45,4.41,-0.84,119,6.45,0.49,67.00,High,true
288,KOLLAM,KERALA,81.19800332778702,70.13311148086521,75.66555740432611,High,Health-driven,100.00,85.40,97.50,56.00,93.77,98.50,100.00,99.60,15.50,21.40,17.00,32.50,2.92,16.44,3.88,-0.78,9,12.46,0.41,96.00,High,true
139,NORTH GOA,GOA,74.64642262895173,69.35662784248474,72.00152523571823,High,Health-driven,99.60,78.60,87.70,64.80,88.85,99.80,100.00,98.30,24.20,17.70,25.80,55.20,2.67,16.43,10.03,-0.63,-4,2.15,6.92,57.00,High,true
522,SIKAR,RAJASTHAN,71.6514143094842,56.68330560177481,64.16735995562951,High,Health-driven,95.80,70.00,77.90,82.40,72.98,61.90,98.70,83.20,23.10,12.80,18.30,61.50,0.51,16.34,27.90,-0.13,45,15.64,2.81,370.00,High,true
450,JHARSUGUDA,ODISHA,66.18136439267887,39.85024958402663,53.01580698835275,Medium,Health-driven,98.60,97.60,70.00,37.70,null,38.70,99.80,92.80,27.10,16.90,26.90,65.50,2.01,16.32,16.22,-0.45,10,null,null,27.00,Medium,true
472,BARNALA,PUNJAB,64.8710482529118,68.91292290626733,66.89198557958957,High,Both equally,96.70,68.50,90.70,20.70,68.90,100.00,100.00,100.00,33.80,9.40,16.50,60.60,1.30,16.23,8.96,-0.36,5,32.24,0.00,81.00,High,true
599,UNAKOTI,TRIPURA,35.64891846921797,34.1375485302274,34.89323349972268,Low,Both equally,71.50,58.30,61.80,28.00,null,26.80,92.10,86.90,31.80,19.30,32.00,62.80,1.03,16.22,null,-0.41,0,null,null,43.00,Medium,false
482,LUDHIANA,PUNJAB,61.7720465890183,74.18191902384915,67.97698280643372,High,Education-driven,90.10,73.20,84.60,25.20,82.54,100.00,100.00,99.30,22.10,5.90,12.40,77.90,1.43,16.2,8.14,0.26,25,26.39,0.00,335.00,High,true
532,COIMBATORE,TAMIL NADU,87.35440931780366,75.79034941763727,81.57237936772046,High,Health-driven,100.00,94.50,78.50,61.00,84.31,98.90,100.00,99.30,23.00,7.00,18.50,37.80,1.18,16.11,10.33,-0.39,28,15.50,0.82,228.00,High,true
480,JALANDHAR,PUNJAB,71.36023294509151,72.54575707154741,71.95299500831946,High,Both equally,92.30,91.30,88.20,25.90,82.40,100.00,100.00,99.90,24.80,10.30,16.70,69.20,1.79,16.09,7.79,0.17,35,38.95,0.00,263.00,High,true
555,TIRUCHIRAPPALLI,TAMIL NADU,58.79783693843594,71.32556849694953,65.06170271769274,High,Education-driven,98.60,97.10,67.10,67.80,83.56,99.10,100.00,98.60,27.60,20.90,27.40,82.30,1.53,16.09,12.76,-0.51,16,17.14,0.67,299.00,High,true
474,FARIDKOT,PUNJAB,57.88269550748752,62.645590682196335,60.26414309484193,Medium,Both equally,94.30,70.80,87.50,20.40,70.65,100.00,99.80,100.00,28.10,10.30,20.70,76.10,2.65,16.06,11.08,-0.80,2,38.92,0.00,48.00,Medium,true
420,MON,NAGALAND,57.237936772046595,38.2140876317249,47.72601220188575,Medium,Health-driven,21.40,62.40,86.40,39.30,56.60,31.60,84.00,85.70,35.50,7.80,23.30,39.40,0.76,16.06,7.99,-0.15,33,0.00,95.22,24.00,Medium,true
401,SOUTH GARO HILLS,MEGHALAYA,72.85773710482529,29.617304492512478,51.23752079866888,Medium,Health-driven,88.30,86.80,88.40,79.50,72.39,17.40,82.20,41.80,29.80,18.30,20.80,33.60,1.45,15.99,9.05,-0.43,2,0.22,94.31,117.00,Medium,true
596,NORTH TRIPURA,TRIPURA,45.04991680532446,51.27565169162508,48.162784248474765,Medium,Education-driven,85.40,69.60,74.10,28.70,88.29,32.80,90.60,80.90,26.20,30.00,32.20,52.50,0.87,15.99,7.08,-0.25,-1,16.57,25.86,34.00,Medium,true
32,TIRAP,ARUNACHAL PRADESH,55.34525790349417,28.508042151968937,41.926650027731554,Medium,Health-driven,70.20,66.30,86.70,30.80,52.23,39.00,76.70,87.00,38.60,13.80,16.00,48.40,2.29,15.98,20.04,0.15,2,0.00,87.85,15.00,Medium,true
295,THRISSUR,KERALA,77.74542429284526,66.97171381031613,72.3585690515807,High,Health-driven,100.00,null,99.50,48.70,95.32,97.20,100.00,98.30,22.00,9.60,17.30,48.70,3.87,15.92,3.13,-0.89,22,10.39,0.30,96.00,High,true
286,KANNUR,KERALA,82.9242928452579,69.4675540765391,76.1959234608985,High,Health-driven,100.00,77.70,99.50,47.90,95.41,97.30,99.80,99.20,19.40,14.00,17.90,37.20,1.96,15.85,3.97,-0.54,-29,3.30,1.64,42.00,High,true
45,DHEMAJI,ASSAM,52.28785357737105,38.35274542429284,45.32029950083195,Medium,Health-driven,87.30,89.70,70.80,66.80,69.07,13.30,90.40,95.40,37.20,18.30,25.70,73.10,1.43,15.85,13.53,-0.64,62,6.45,47.45,320.00,Medium,true
428,NEW DELHI,NCT OF DELHI,58.922628951747086,84.47032723239046,71.69647809206877,High,Education-driven,91.80,82.20,69.40,25.20,89.38,100.00,100.00,100.00,27.40,6.80,20.70,72.90,0.81,15.85,8.21,-0.36,4,23.41,0.00,5.00,High,true
28,NAMSAI,ARUNACHAL PRADESH,54.51331114808652,49.833610648918466,52.1734608985025,Medium,Both equally,63.60,67.20,75.10,30.90,null,29.90,69.70,100.00,28.70,12.40,17.70,59.20,0.41,15.83,null,-0.08,2,null,null,29.00,Medium,true
683,NAINITAL,UTTARAKHAND,67.67886855241264,65.363283416528,66.52107598447031,High,Both equally,81.20,74.10,82.40,60.80,84.85,83.30,98.70,82.50,23.20,14.00,14.80,59.80,0.35,15.75,12.88,-0.01,-16,20.03,0.79,207.00,High,true
116,DANTEWADA,CHHATTISGARH,33.52745424292845,24.59789240155297,29.06267332224071,Low,Health-driven,90.50,77.60,60.50,82.20,42.67,25.00,96.50,74.00,45.60,19.40,45.80,89.90,3.50,15.73,19.81,-0.91,16,2.44,76.88,34.00,Low,true
507,GANGANAGAR,RAJASTHAN,65.93178036605657,46.53355518580144,56.232667775929,Medium,Health-driven,97.70,89.70,83.40,85.30,70.25,75.50,99.70,81.70,24.50,24.90,26.10,72.30,1.78,15.64,19.26,-0.53,33,36.59,0.68,262.00,Medium,true
545,PUDUKKOTTAI,TAMIL NADU,64.91264559068219,69.91125901275652,67.41195230171935,High,Both equally,100.00,83.30,55.20,72.90,77.76,99.40,100.00,100.00,32.20,9.50,21.60,71.10,1.84,15.6,16.68,-0.54,12,17.60,0.08,215.00,High,true
194,SONIPAT,HARYANA,74.64642262895175,75.40210759844703,75.02426511369939,High,Both equally,99.70,83.00,86.70,22.40,80.83,99.80,100.00,98.30,23.60,9.20,12.70,68.70,1.09,15.6,18.52,-0.08,21,18.62,0.00,185.00,High,true
26,LOWER DIBANG VALLEY,ARUNACHAL PRADESH,76.37271214642261,52.440377149195776,64.4065446478092,High,Health-driven,90.10,73.80,89.90,36.80,70.38,41.10,96.90,84.50,14.30,7.60,9.70,51.50,0.50,15.55,13.06,-0.07,2,0.00,48.03,8.00,High,true
283,ALAPPUZHA,KERALA,78.369384359401,64.05990016638935,71.21464226289518,High,Health-driven,99.40,61.90,99.20,60.40,96.26,97.10,99.60,97.60,20.10,14.40,20.40,30.30,3.57,15.54,3.10,-0.84,15,9.46,0.31,65.00,High,true
378,RATNAGIRI,MAHARASTRA,49.56322795341098,63.172490293954525,56.36785912368275,Medium,Education-driven,97.80,77.20,85.60,16.60,82.43,93.10,100.00,97.50,31.70,23.70,29.50,69.40,2.99,15.48,16.88,-0.73,-2,4.15,1.26,59.00,Medium,true
394,THOUBAL,MANIPUR,58.153078202995005,53.49417637271214,55.82362728785357,Medium,Both equally,87.80,74.20,61.30,19.10,76.66,49.10,99.50,94.40,31.50,8.30,14.90,39.70,1.90,15.44,18.33,-0.44,5,9.62,0.43,50.00,Medium,true
285,IDUKKI,KERALA,84.1514143094842,54.187465335551856,69.16943982251803,High,Health-driven,100.00,89.60,97.50,58.10,92.20,85.50,97.80,90.60,24.30,14.50,23.60,32.00,2.91,15.29,5.25,-0.77,0,13.12,5.03,33.00,High,true
501,BUNDI,RAJASTHAN,49.66722129783694,42.40155296727676,46.034387132556844,Medium,Health-driven,95.30,75.70,56.30,87.70,62.31,57.40,97.90,76.30,30.00,19.60,29.10,74.90,1.15,15.29,29.52,-0.18,34,18.97,20.57,179.00,Medium,true
284,ERNAKULAM,KERALA,80.32445923460898,69.9389905712701,75.13172490293954,High,Health-driven,99.10,82.60,99.30,46.20,95.68,98.60,100.00,98.50,22.00,17.10,19.40,36.40,2.55,15.27,2.87,-1.04,7,8.18,0.50,110.00,High,true
490,SANGRUR,PUNJAB,72.31697171381032,65.363283416528,68.84012756516915,High,Health-driven,94.70,89.60,92.40,18.70,68.88,100.00,100.00,100.00,23.40,10.40,18.10,66.90,1.91,15.25,11.34,-0.58,5,27.89,0.00,184.00,High,true
24,LOHIT,ARUNACHAL PRADESH,68.94758735440932,53.105934553521905,61.02676095396561,Medium,Health-driven,90.20,74.00,83.70,31.90,69.88,56.60,74.50,97.20,24.50,12.70,12.90,52.50,0.88,15.23,15.63,-0.07,2,0.00,32.53,5.00,Medium,true
175,BHIWANI,HARYANA,67.01331114808653,71.85246810870771,69.43288962839712,High,Both equally,97.70,72.50,89.70,28.20,76.74,97.50,99.90,97.80,29.00,6.00,20.60,69.20,0.89,15.2,22.59,-0.24,63,20.87,0.00,154.00,High,true
191,REWARI,HARYANA,68.78119800332779,78.89628397115918,73.83874098724348,High,Education-driven,98.70,79.30,86.40,25.30,82.23,98.00,100.00,98.30,25.90,9.30,20.50,71.30,0.69,15.18,22.38,-0.19,16,20.28,0.00,90.00,High,true
513,JHUNJHUNUN,RAJASTHAN,71.96339434276206,64.25402107598447,68.10870770937326,High,Health-driven,97.10,88.70,79.00,86.10,74.72,80.50,100.00,84.50,20.90,13.90,19.60,77.20,0.63,15.18,26.73,-0.22,32,16.88,1.95,242.00,High,true
180,HISAR,HARYANA,66.41014975041597,75.42983915696061,70.91999445368829,High,Education-driven,98.20,85.50,89.10,27.90,73.24,99.50,100.00,98.60,27.80,16.40,21.40,70.50,0.75,15.16,20.48,-0.21,78,23.44,0.00,148.00,High,true
223,RAMBAN,JAMMU & KASHMIR,46.92179700499168,30.199667221297833,38.56073211314476,Medium,Health-driven,80.40,78.90,48.90,9.20,56.90,40.40,96.80,66.60,25.70,15.60,21.20,62.00,2.35,15.15,31.93,-0.59,-23,4.91,14.02,62.00,Medium,true
294,THIRUVANANTHAPURAM,KERALA,78.80615640599001,66.25069328896284,72.52842484747643,High,Health-driven,99.50,72.80,95.40,48.70,92.66,98.10,99.90,96.80,19.50,17.40,15.20,33.00,2.68,15.14,3.71,-0.72,12,11.30,0.81,76.00,High,true
534,DHARMAPURI,TAMIL NADU,74.5008319467554,58.59678313921243,66.54880754298391,High,Health-driven,99.60,90.60,72.40,75.50,64.71,98.10,99.90,96.80,28.70,16.90,23.20,54.20,1.46,15.08,9.13,-0.46,10,16.29,4.18,140.00,High,true
548,SIVAGANGA,TAMIL NADU,67.63727121464225,69.1902384914032,68.41375485302274,High,Both equally,100.00,89.40,74.40,67.70,80.46,99.40,100.00,99.00,27.60,22.80,28.40,56.40,2.00,15.05,16.28,-0.29,16,17.01,0.06,109.00,High,true
487,PATIALA,PUNJAB,67.86605657237936,67.91458679977816,67.89032168607876,High,Both equally,97.30,74.70,88.10,33.80,76.26,99.90,99.90,100.00,20.30,9.90,16.90,76.70,2.23,14.94,10.93,-0.43,23,24.55,0.00,253.00,High,true
30,SIANG,ARUNACHAL PRADESH,67.11730449251247,20.79866888519135,43.95798668885191,Medium,Health-driven,81.10,60.30,91.20,26.10,null,20.20,88.40,34.90,21.30,12.10,8.80,24.90,1.86,14.77,null,0.59,-9,null,null,10.00,Medium,true
416,KIPHIRE,NAGALAND,43.94758735440932,45.84026622296173,44.893926788685526,Medium,Both equally,34.80,42.80,83.10,8.80,73.10,23.40,68.30,84.80,36.90,11.00,25.00,55.20,0.49,14.73,6.19,0.06,0,0.00,96.52,10.00,Medium,true
468,MAHE,PUDUCHERRY,69.73793677204657,86.66112035496394,78.19952856350525,High,Education-driven,100.00,95.30,99.80,23.60,98.35,100.00,100.00,100.00,48.20,7.30,32.60,36.90,0.74,14.71,1.63,0.03,0,0.34,0.00,6.00,High,true
516,KOTA,RAJASTHAN,64.80865224625623,65.80698835274542,65.30782029950083,High,Both equally,97.90,84.40,79.00,80.90,77.48,71.50,99.50,91.10,29.50,20.80,26.40,66.70,0.59,14.64,21.31,-0.20,29,20.78,9.42,162.00,High,true
181,JHAJJAR,HARYANA,75.33277870216307,83.77703826955074,79.55490848585691,High,Education-driven,97.20,90.90,91.70,27.00,80.83,99.20,100.00,99.60,15.60,8.00,9.70,76.90,0.43,14.59,18.48,-0.04,27,17.79,0.00,113.00,High,true
403,SOUTH WEST KHASI HILLS,MEGHALAYA,56.447587354409315,27.89794786466999,42.172767609539655,Medium,Health-driven,41.70,78.80,89.60,72.30,null,9.80,51.50,41.30,51.40,10.40,27.60,61.30,0.74,14.45,null,-0.19,16,null,null,99.00,Medium,true
211,BARAMULA,JAMMU & KASHMIR,53.49417637271214,36.18968386023295,44.84193011647254,Medium,Health-driven,96.20,73.70,77.70,6.50,66.93,35.40,91.30,89.70,23.20,18.20,17.30,70.40,1.99,14.41,22.34,-0.69,20,0.15,3.74,122.00,Medium,true
387,BISHNUPUR,MANIPUR,57.86189683860233,60.3161397670549,59.08901830282861,Medium,Both equally,89.50,66.60,52.60,9.30,76.35,39.50,100.00,97.50,15.50,7.90,11.70,42.40,1.49,14.39,18.23,-0.55,5,9.32,1.39,27.00,Medium,true
524,TONK,RAJASTHAN,57.48752079866888,43.566278424847475,50.52689961175818,Medium,Health-driven,97.40,75.30,66.20,84.50,62.46,61.40,98.60,79.50,33.10,18.10,28.20,64.60,1.23,14.3,32.26,-0.31,64,20.26,12.54,125.00,Medium,true
488,RUPNAGAR,PUNJAB,75.20798668885192,70.85413200221852,73.03105934553523,High,Both equally,97.80,76.50,84.00,37.80,83.28,100.00,100.00,99.50,15.10,9.10,15.30,65.50,3.25,14.28,11.73,-0.35,5,26.42,0.00,92.00,High,true
20,EAST KAMENG,ARUNACHAL PRADESH,50.20798668885191,20.21630615640599,35.21214642262895,Low,Health-driven,76.00,60.80,75.60,25.10,62.48,19.30,71.10,32.90,35.70,15.80,14.20,51.70,3.05,14.28,16.77,0.51,29,0.00,92.01,11.00,Low,true
481,KAPURTHALA,PUNJAB,61.14808652246258,68.13643926788686,64.64226289517472,High,Education-driven,95.00,65.70,87.70,20.70,80.18,99.90,99.90,99.40,24.60,12.80,19.20,68.70,2.78,14.25,9.24,-0.16,8,33.95,0.00,79.00,High,true
593,DHALAI,TRIPURA,38.04076539101498,46.31170271769273,42.176234054353856,Medium,Education-driven,87.30,73.70,67.60,44.20,86.82,16.00,72.70,65.80,45.70,15.90,27.60,81.20,0.72,14.21,11.62,-0.32,3,16.31,55.68,24.00,Medium,true
53,JORHAT,ASSAM,49.58402662229617,46.61674986134221,48.10038824181919,Medium,Both equally,96.50,69.20,80.40,60.10,83.42,31.90,94.90,86.50,38.70,15.50,33.20,74.10,1.67,14.18,10.16,-0.51,55,8.12,12.82,272.00,Medium,true
478,GURDASPUR,PUNJAB,66.41014975041597,71.3810316139767,68.89559068219634,High,Both equally,92.40,80.00,85.40,23.50,81.06,100.00,100.00,99.40,25.10,9.50,15.30,70.10,2.20,14.1,10.17,-0.33,13,25.26,0.00,145.00,High,true
63,NALBARI,ASSAM,51.74708818635608,48.36383804769829,50.05546311702719,Medium,Both equally,91.80,65.50,68.10,52.50,79.89,26.80,100.00,85.00,27.50,15.40,26.70,71.00,2.15,14.1,11.73,-0.74,-28,7.80,3.03,259.00,Medium,true
479,HOSHIARPUR,PUNJAB,78.32778702163061,72.51802551303383,75.42290626733222,High,Health-driven,98.30,92.90,89.70,27.70,85.43,99.80,100.00,100.00,19.30,11.50,12.40,69.60,2.71,14.04,9.12,0.03,24,35.14,0.00,146.00,High,true
392,SENAPATI,MANIPUR,57.79950083194676,45.86799778147532,51.83374930671104,Medium,Health-driven,45.80,65.00,84.40,15.40,75.00,20.20,99.90,76.30,27.30,10.70,12.90,48.50,1.34,14.02,12.05,-0.24,8,0.37,79.76,77.00,Medium,true
536,ERODE,TAMIL NADU,74.45923460898503,70.7154742096506,72.58735440931781,High,Both equally,100.00,95.90,67.60,77.70,72.96,99.60,100.00,99.90,19.40,20.90,26.90,46.50,1.42,13.94,15.74,-0.66,24,16.41,0.97,211.00,High,true
29,PAPUM PARE,ARUNACHAL PRADESH,59.796173044925126,42.15196894065446,50.97407099278979,Medium,Health-driven,88.00,60.70,75.70,26.90,82.14,46.30,70.80,53.90,29.70,9.00,15.60,53.40,1.44,13.8,10.68,0.04,6,0.00,66.38,36.00,Medium,true
224,REASI,JAMMU & KASHMIR,51.26871880199667,44.75873544093179,48.01372712146423,Medium,Health-driven,69.30,79.10,62.70,11.20,59.42,22.60,100.00,39.90,17.70,13.00,11.70,69.70,0.69,13.78,22.38,-0.35,3,12.00,28.08,47.00,Medium,true
538,KANNIYAKUMARI,TAMIL NADU,92.72046589018304,75.37437603993344,84.04742096505824,High,Health-driven,100.00,96.00,96.20,64.10,92.14,99.20,100.00,98.30,17.30,11.40,14.50,39.10,1.43,13.75,3.41,-0.56,17,3.97,0.39,108.00,High,true
221,PUNCH,JAMMU & KASHMIR,59.29700499168053,32.08541320022186,45.691209095951194,Medium,Health-driven,86.00,91.20,66.70,11.10,68.69,13.70,72.20,57.30,25.90,15.60,18.80,54.30,1.07,13.74,26.24,-0.41,228,0.12,36.93,82.00,Medium,true
539,KARUR,TAMIL NADU,52.9118136439268,67.0271769273433,59.96949528563505,Medium,Education-driven,100.00,82.50,63.60,74.60,75.86,99.70,100.00,99.10,33.60,18.40,36.30,73.20,2.51,13.7,17.81,-0.94,9,20.80,0.05,98.00,Medium,true
186,MAHENDRAGARH,HARYANA,66.07737104825291,69.71713810316139,67.89725457570715,High,Both equally,98.90,73.90,79.80,25.60,78.87,93.70,99.90,95.30,25.20,8.40,15.40,72.30,0.95,13.68,26.03,-0.07,25,16.95,0.00,63.00,High,true
424,WOKHA,NAGALAND,45.777870216306155,42.789794786467006,44.283832501386584,Medium,Both equally,43.60,42.80,88.50,20.60,87.60,29.60,90.60,87.80,26.30,23.50,28.00,45.40,3.06,13.67,5.95,-0.41,0,0.00,94.16,16.00,Medium,true
210,BANDIPORE,JAMMU & KASHMIR,55.38685524126456,46.36716583471991,50.877010537992234,Medium,Health-driven,92.80,90.30,66.80,9.10,57.82,11.40,100.00,94.30,25.20,14.00,16.80,75.10,1.16,13.56,22.17,-0.38,-2,0.10,19.22,30.00,Medium,true
697,KOLKATA,WEST BENGAL,40.70299500831947,76.15085967831392,58.42692734331669,Medium,Education-driven,97.50,80.20,60.90,21.10,87.14,100.00,100.00,99.60,29.60,29.30,32.90,72.30,1.75,13.55,4.10,-0.66,142,5.38,0.24,154.00,Medium,true
391,IMPHAL WEST,MANIPUR,65.51580698835275,60.593455352190794,63.054631170271776,Medium,Both equally,95.70,74.10,58.70,15.70,86.70,39.10,99.50,93.50,15.60,9.30,10.20,41.80,1.35,13.54,12.22,-0.12,-1,3.19,4.66,28.00,High,false
410,KOLASIB,MIZORAM,76.31031613976707,58.62451469772602,67.46741541874654,High,Health-driven,91.40,80.40,96.80,61.10,94.54,76.70,98.70,94.40,30.40,11.30,12.60,53.80,2.75,13.43,1.97,-0.10,2,0.10,87.68,32.00,High,true
486,PATHANKOT,PUNJAB,67.57487520798668,68.80199667221298,68.18843594009982,High,Both equally,94.80,77.40,79.20,27.00,null,99.60,100.00,100.00,22.10,10.30,10.80,68.30,0.85,13.42,null,-0.16,2,null,null,19.00,High,true
470,YANAM,PUDUCHERRY,76.9134775374376,70.96505823627288,73.93926788685525,High,Health-driven,100.00,79.70,84.10,29.20,80.26,100.00,100.00,100.00,25.00,12.40,18.70,39.70,2.82,13.41,6.56,-0.70,0,15.15,0.00,0.00,High,true
467,KARAIKAL,PUDUCHERRY,72.27537437603993,86.21741541874651,79.24639489739323,High,Education-driven,99.60,88.90,84.30,26.90,87.83,100.00,100.00,99.40,25.50,15.30,19.70,65.50,0.71,13.39,10.75,-0.22,4,17.65,0.00,3.00,High,true
550,THE NILGIRIS,TAMIL NADU,79.86688851913476,67.77592900721021,73.82140876317249,High,Health-driven,100.00,90.10,83.60,74.50,85.65,95.60,100.00,94.90,26.70,17.30,23.20,45.90,1.65,13.33,12.71,-0.32,12,32.08,4.46,48.00,High,true
289,KOTTAYAM,KERALA,78.09900166389352,69.1902384914032,73.64462007764837,High,Health-driven,98.70,null,98.60,53.20,96.40,99.40,99.90,97.90,23.40,8.40,17.30,36.80,3.32,13.21,1.50,-0.76,16,7.80,1.11,51.00,High,true
598,SOUTH TRIPURA,TRIPURA,54.346921797004995,53.10593455352191,53.72642817526345,Medium,Both equally,89.70,48.50,68.60,37.30,85.41,22.90,90.90,77.60,25.50,15.30,21.60,59.60,0.42,13.19,11.30,-0.08,3,16.00,39.37,19.00,Medium,true
59,LAKHIMPUR,ASSAM,47.42096505823628,38.82418191902385,43.12257348863007,Medium,Health-driven,96.20,69.00,74.20,67.00,78.39,16.60,92.40,83.70,38.50,18.20,34.40,69.30,1.71,13.16,12.75,-0.56,60,7.85,23.93,385.00,Medium,true
475,FATEHGARH SAHIB,PUNJAB,73.91846921797004,70.27176927343316,72.0951192457016,High,Both equally,96.60,83.60,87.60,35.10,80.33,100.00,100.00,100.00,30.00,7.10,18.20,61.50,4.65,13.12,8.97,0.13,2,32.07,0.00,39.00,High,true
219,KUPWARA,JAMMU & KASHMIR,47.46256239600665,27.95341098169717,37.70798668885191,Medium,Health-driven,97.10,93.20,67.70,10.40,66.92,9.10,80.80,77.60,24.90,25.10,25.50,78.80,1.65,13.07,22.31,-0.64,211,0.12,8.08,86.00,Medium,true
415,DIMAPUR,NAGALAND,39.14309484193012,61.98003327787021,50.561564059900164,Medium,Education-driven,73.70,55.90,81.10,5.70,85.44,73.40,86.30,87.90,28.30,25.00,29.80,48.90,0.53,13,5.53,-0.08,1,0.00,59.13,17.00,Medium,true
422,PHEK,NAGALAND,58.44425956738769,45.70160843039378,52.07293399889073,Medium,Health-driven,32.20,54.60,90.10,24.90,79.13,49.60,81.30,82.90,28.00,12.90,15.60,44.90,1.42,12.93,11.03,-0.01,0,0.00,96.16,9.00,Medium,true
381,SINDHUDURG,MAHARASTRA,53.63976705490849,65.72379367720465,59.68178036605657,Medium,Education-driven,100.00,76.30,87.90,13.20,86.54,98.40,99.80,97.40,30.80,27.70,32.00,55.60,4.31,12.87,13.95,-1.04,-4,6.54,0.82,20.00,Medium,true
543,NAMAKKAL,TAMIL NADU,76.53910149750415,67.13810316139767,71.83860232945091,High,Health-driven,100.00,83.90,75.20,68.80,74.92,99.30,100.00,99.30,25.20,10.30,15.70,67.90,2.46,12.84,16.41,-0.66,13,20.00,3.31,120.00,High,true
35,WEST KAMENG,ARUNACHAL PRADESH,58.54825291181365,39.877981142540214,49.213117027176935,Medium,Health-driven,93.60,56.20,88.90,38.30,69.40,37.30,89.20,83.90,24.20,23.20,13.40,66.60,1.39,12.75,14.86,-0.16,5,0.00,55.25,13.00,Medium,true
413,MAMIT,MIZORAM,77.78702163061564,54.603438713255684,66.19523017193566,High,Health-driven,75.00,85.90,92.70,61.70,85.96,52.30,90.90,98.50,26.40,7.40,13.90,45.50,3.40,12.74,8.78,0.14,1,0.06,95.04,43.00,High,true
407,AIZAWL,MIZORAM,77.1214642262895,69.41209095951193,73.26677759290072,High,Health-driven,97.40,66.40,96.10,37.50,98.50,84.20,99.90,100.00,25.30,7.30,9.60,44.00,2.93,12.65,1.01,-0.39,3,0.16,93.31,17.00,High,true
390,IMPHAL EAST,MANIPUR,60.27454242928452,60.75984470327233,60.51719356627842,Medium,Both equally,91.70,76.20,59.50,7.00,82.81,37.60,99.00,95.80,18.40,11.70,14.40,50.30,1.28,12.61,13.94,-0.22,11,3.47,6.06,37.00,Medium,true
206,SOLAN,HIMACHAL PRADESH,61.792845257903494,73.68275097060454,67.73779811425402,High,Education-driven,90.20,92.60,81.80,41.90,85.02,98.40,100.00,87.00,32.30,20.90,26.70,50.40,0.72,12.6,13.17,-0.20,3,28.35,4.42,67.00,High,true
27,LOWER SUBANSIRI,ARUNACHAL PRADESH,62.62479201331114,33.887964503605104,48.25637825845813,Medium,Health-driven,89.80,66.50,82.80,24.50,76.33,27.30,72.30,72.30,30.70,11.50,8.10,52.40,2.26,12.25,12.30,0.14,1,0.00,87.81,5.00,Medium,true
205,SIRMAUR,HIMACHAL PRADESH,62.93677204658901,66.00110926234053,64.46894065446477,High,Both equally,87.40,93.90,84.30,26.20,79.98,86.50,100.00,71.50,28.60,18.50,24.20,58.50,0.63,12.22,14.21,-0.20,2,30.34,2.13,78.00,High,true
679,CHAMPAWAT,UTTARAKHAND,76.60149750415974,55.546311702717695,66.07390460343872,High,Health-driven,79.80,91.90,82.70,65.70,80.73,57.30,93.80,73.50,24.90,12.40,15.30,43.10,0.71,12.2,23.84,-0.09,7,18.25,0.52,29.00,High,true
207,UNA,HIMACHAL PRADESH,60.940099833610645,76.65002773155851,68.79506378258458,High,Education-driven,89.70,75.30,81.40,22.60,87.23,99.90,99.90,92.30,24.70,13.10,25.80,58.70,0.83,12.14,11.08,-0.21,3,22.16,1.65,39.00,High,true
228,UDHAMPUR,JAMMU & KASHMIR,39.78785357737105,40.18302828618968,39.98544093178037,Medium,Both equally,87.20,85.80,69.80,16.80,69.90,29.50,97.50,60.10,37.30,19.80,31.90,70.40,1.24,12.11,21.71,-0.45,301,24.97,10.15,51.00,Medium,true
408,CHAMPHAI,MIZORAM,83.83943427620632,63.94897393233499,73.89420410427066,High,Health-driven,96.70,85.30,98.30,64.90,93.51,73.80,98.10,100.00,27.20,12.10,13.10,38.30,3.67,12.04,2.60,-0.11,0,0.01,98.19,20.00,High,true
37,BAKSA,ASSAM,39.64226289517471,34.914032168607875,37.27814753189129,Medium,Both equally,89.90,70.50,68.90,69.00,70.53,11.50,86.70,89.00,41.20,17.00,34.00,78.60,1.63,11.92,16.32,-0.52,317,7.69,34.84,176.00,Medium,true
594,GOMATI,TRIPURA,45.94425956738769,39.93344425956739,42.938851913477535,Medium,Health-driven,93.20,67.10,77.40,29.90,null,30.00,91.90,72.30,22.70,27.60,29.00,70.70,0.43,11.92,null,-0.09,3,null,null,12.00,Medium,true
423,TUENSANG,NAGALAND,38.45673876871881,44.67554076539101,41.566139767054906,Medium,Education-driven,34.80,39.90,92.00,22.00,73.70,30.20,72.20,7.90,37.10,24.60,34.20,38.80,0.55,11.9,6.36,-0.14,0,0.00,97.11,5.00,Low,false
597,SEPAHIJALA,TRIPURA,49.16805324459234,45.84026622296173,47.50415973377704,Medium,Both equally,87.70,70.30,75.40,31.60,null,28.90,94.80,90.70,34.50,14.90,21.00,72.10,0.48,11.87,null,-0.03,2,null,null,35.00,Medium,true
51,HAILAKANDI,ASSAM,33.31946755407654,37.382140876317244,35.35080421519689,Low,Both equally,83.00,68.60,60.00,53.60,75.26,11.30,35.80,71.20,42.90,22.20,42.40,59.50,1.08,11.75,13.07,-0.26,25,10.72,0.11,347.00,Low,true
677,BAGESHWAR,UTTARAKHAND,81.55158069883525,56.26733222407099,68.90945646145312,High,Health-driven,82.00,86.90,88.50,71.90,80.69,73.60,94.70,65.60,23.60,7.70,11.90,43.70,0.74,11.74,23.61,-0.04,22,27.73,0.76,44.00,High,true
201,KULLU,HIMACHAL PRADESH,48.60648918469218,57.98668885191348,53.296589018302825,Medium,Education-driven,87.00,80.20,81.20,26.80,80.14,79.10,99.10,66.20,35.90,16.10,25.60,75.30,0.96,11.65,17.79,-0.07,0,28.01,3.84,38.00,Medium,true
389,CHURACHANDPUR,MANIPUR,59.48419301164725,51.35884636716583,55.42151968940654,Medium,Health-driven,72.90,64.90,81.20,18.20,84.29,37.10,99.80,72.60,25.10,12.10,9.80,41.10,1.78,11.49,8.21,-0.52,1,0.16,92.94,18.00,Medium,true
209,BADGAM,JAMMU & KASHMIR,52.55823627287854,47.69828064337215,50.128258458125345,Medium,Both equally,96.50,92.50,77.00,5.20,57.98,17.00,100.00,98.00,26.80,18.90,20.60,85.00,1.59,11.49,21.96,-0.53,11,0.05,3.17,41.00,Medium,true
197,CHAMBA,HIMACHAL PRADESH,58.69384359400998,61.86910704381586,60.28147531891292,Medium,Both equally,72.00,100.00,86.50,26.80,73.19,87.10,100.00,64.70,42.60,15.40,26.00,46.50,0.68,11.46,22.05,-0.29,3,21.52,26.10,95.00,Medium,true
293,PATHANAMTHITTA,KERALA,77.76622296173045,67.24902939545203,72.50762617859124,High,Health-driven,99.10,null,98.90,50.10,96.93,97.80,99.70,97.50,22.70,11.40,11.20,44.20,3.01,11.44,1.44,-1.35,40,13.74,0.68,26.00,High,true
688,UTTARKASHI,UTTARAKHAND,59.31780366056572,49.2789794786467,54.29839156960621,Medium,Health-driven,85.90,81.80,75.70,80.30,75.98,60.80,91.60,61.80,34.10,10.60,23.50,73.60,0.93,11.4,27.03,-0.23,3,24.41,1.06,26.00,Medium,true
36,WEST SIANG,ARUNACHAL PRADESH,62.021630615640596,43.039378813089286,52.53050471436494,Medium,Health-driven,84.60,55.40,87.70,26.60,67.62,38.40,83.70,51.80,24.50,15.10,16.20,45.60,0.69,11.39,13.13,-0.11,4,0.00,82.64,21.00,Medium,true
676,ALMORA,UTTARAKHAND,68.55241264559068,60.03882418191902,64.29561841375485,High,Health-driven,80.10,85.10,89.20,66.00,81.06,58.90,98.60,65.50,26.00,17.00,22.90,57.70,0.62,11.39,23.13,-0.29,19,24.26,0.21,82.00,Medium,false
227,SRINAGAR,JAMMU & KASHMIR,60.14975041597337,56.51691625069329,58.33333333333333,Medium,Both equally,99.20,90.90,86.80,17.90,71.21,61.40,98.50,98.20,33.00,18.60,15.80,77.00,1.69,11.34,14.48,-0.19,-74,0.09,0.72,14.00,Medium,true
214,JAMMU,JAMMU & KASHMIR,62.52079866888519,68.2473655019412,65.3840820854132,High,Education-driven,96.50,84.10,81.20,23.30,83.98,61.20,97.50,90.90,27.00,18.00,17.60,68.40,0.30,11.31,12.36,-0.06,28,24.71,4.52,42.00,High,true
395,UKHRUL,MANIPUR,55.44925124792013,49.72268441486412,52.585967831392125,Medium,Health-driven,44.60,39.40,81.40,17.00,81.87,23.50,100.00,84.00,27.10,11.60,16.00,34.60,2.22,11.27,8.58,-0.34,1,0.14,94.35,18.00,Medium,true
212,DODA,JAMMU & KASHMIR,38.81031613976705,27.731558513588464,33.27093732667776,Low,Health-driven,73.50,61.70,70.90,7.60,65.97,13.20,88.10,73.90,32.70,9.50,15.20,80.70,1.92,11.16,30.02,-0.40,6,13.03,9.57,46.00,Medium,false
21,EAST SIANG,ARUNACHAL PRADESH,67.15890183028286,36.16195230171935,51.660427066001105,Medium,Health-driven,90.80,48.80,83.90,30.50,73.54,30.60,94.40,68.90,24.60,8.60,10.30,51.50,2.33,11.04,11.04,-0.49,10,0.00,70.53,8.00,Medium,true
33,UPPER SIANG,ARUNACHAL PRADESH,61.876039933444254,47.94786466999445,54.91195230171935,Medium,Health-driven,76.00,61.40,91.80,34.60,59.94,55.50,97.50,95.80,30.40,12.50,12.00,51.00,1.52,10.98,8.87,-0.02,24,0.00,80.60,6.00,Medium,true
217,KISHTWAR,JAMMU & KASHMIR,45.195507487520786,35.19134775374376,40.19342762063228,Medium,Health-driven,91.60,91.60,59.60,16.40,58.54,11.60,96.30,69.00,27.50,22.80,17.70,88.50,0.97,10.98,27.62,-0.34,7,6.20,16.54,31.00,Medium,true
218,KULGAM,JAMMU & KASHMIR,64.72545757071548,31.08707709373267,47.906267332224076,Medium,Health-driven,98.90,98.10,80.50,4.20,60.35,18.20,93.40,76.90,28.40,11.30,15.30,77.70,1.45,10.95,20.84,-0.44,12,0.01,6.25,27.00,Medium,true
216,KATHUA,JAMMU & KASHMIR,57.75790349417636,56.627842484747646,57.192872989462,Medium,Both equally,97.10,100.00,75.40,7.00,73.50,39.20,99.40,74.70,21.80,22.50,25.90,67.00,0.60,10.92,16.84,-0.18,215,22.91,8.65,37.00,Medium,true
411,LAWNGTLAI,MIZORAM,56.468386023294514,31.94675540765391,44.20757071547421,Medium,Health-driven,53.70,70.20,90.30,31.30,66.41,30.90,80.40,83.70,32.70,16.20,16.90,55.30,2.47,10.9,17.06,-0.33,0,0.12,95.30,28.00,Medium,true
421,PEREN,NAGALAND,51.64309484193011,48.752079866888515,50.19758735440931,Medium,Both equally,43.50,63.30,89.40,5.40,79.00,47.30,71.90,79.60,34.90,9.10,20.70,51.00,1.07,10.86,10.39,0.02,-1,0.00,88.47,1.00,Medium,true
600,WEST TRIPURA,TRIPURA,69.69633943427621,66.72212978369384,68.20923460898503,High,Both equally,95.30,88.40,80.20,28.10,88.91,44.30,96.90,91.50,30.30,11.70,21.20,54.50,0.60,10.84,8.15,-0.17,11,19.59,25.03,30.00,High,true
425,ZUNHEBOTO,NAGALAND,31.468386023294507,52.05213533000555,41.76026067665003,Medium,Education-driven,35.00,60.70,88.90,18.10,86.26,31.60,72.20,93.80,44.00,26.90,44.50,34.90,1.35,10.76,5.25,-0.17,0,0.00,97.02,6.00,Medium,true
414,SERCHHIP,MIZORAM,80.88602329450914,66.94398225180255,73.91500277315585,High,Health-driven,96.20,84.70,98.20,58.80,98.76,89.40,100.00,96.60,31.80,8.40,14.40,43.20,4.08,10.62,0.96,0.39,0,0.05,96.85,4.00,High,true
412,LUNGLEI,MIZORAM,72.71214642262895,46.53355518580145,59.6228508042152,Medium,Health-driven,82.70,73.80,95.60,46.50,89.40,43.60,85.50,88.60,26.50,9.50,11.10,45.70,3.88,10.56,6.89,-0.61,43,0.11,95.11,45.00,Medium,true
388,CHANDEL,MANIPUR,54.78369384359401,41.930116472545755,48.35690515806988,Medium,Health-driven,55.50,55.50,85.20,16.10,70.85,28.30,99.70,83.30,34.00,8.30,14.70,42.40,2.63,10.13,14.67,-0.69,3,0.38,88.97,8.00,Medium,true
393,TAMENGLONG,MANIPUR,56.53078202995009,35.995562950637826,46.263172490293954,Medium,Health-driven,57.70,67.40,77.90,16.80,70.40,14.30,99.80,58.00,27.10,9.60,19.30,37.00,2.51,10.1,12.98,-0.88,1,0.02,95.72,16.00,Medium,true
213,GANDERBAL,JAMMU & KASHMIR,49.72961730449251,35.63505268996118,42.682334997226846,Medium,Health-driven,98.00,81.20,78.40,8.30,59.99,23.00,91.40,91.90,18.50,25.90,20.10,89.80,1.68,10.06,23.12,-0.40,-31,0.04,20.53,14.00,Medium,true
208,ANANTNAG,JAMMU & KASHMIR,42.88685524126456,37.437603993344425,40.16222961730449,Medium,Health-driven,90.50,83.30,84.70,7.30,64.32,19.50,95.10,91.50,28.20,24.90,28.30,79.20,1.74,10.03,19.98,-0.59,37,0.17,10.75,33.00,Medium,true
220,PULWAMA,JAMMU & KASHMIR,68.78119800332779,37.687188019966726,53.23419301164726,Medium,Health-driven,97.80,88.80,91.60,9.90,65.00,21.90,96.20,93.90,22.40,15.30,20.20,67.40,2.75,9.93,21.60,-0.63,54,0.07,4.03,15.00,Medium,true
225,SAMBA,JAMMU & KASHMIR,63.24875207986689,63.64392678868552,63.446339434276204,High,Both equally,97.90,90.90,78.80,19.00,82.48,79.30,95.20,85.90,24.50,20.40,15.50,69.00,0.64,9.92,15.37,-0.01,42,28.80,5.51,13.00,High,true
199,KANGRA,HIMACHAL PRADESH,56.05241264559068,70.27176927343316,63.16209095951192,High,Education-driven,90.20,83.90,73.30,36.40,86.49,97.80,100.00,89.80,28.00,19.40,32.00,55.30,1.20,9.83,11.93,-0.32,15,21.15,5.60,54.00,High,true
17,ANJAW,ARUNACHAL PRADESH,67.90765391014975,27.17692734331669,47.54229062673322,Medium,Health-driven,78.00,93.00,86.80,17.50,59.40,22.00,92.00,81.00,23.60,14.30,16.00,57.10,3.49,9.81,23.15,-0.59,4,0.00,77.72,0.00,Medium,true
692,DARJILING,WEST BENGAL,57.36272878535773,42.928452579034946,50.14559068219634,Medium,Health-driven,98.40,94.20,83.00,26.30,79.92,23.10,68.40,66.50,34.30,20.60,31.60,68.10,1.06,9.68,12.20,0.08,3,17.18,21.52,50.00,Medium,true
686,TEHRI GARHWAL,UTTARAKHAND,68.7396006655574,54.215196894065436,61.47739877981142,Medium,Health-driven,82.20,83.00,84.60,71.20,75.10,65.50,93.90,73.50,29.30,12.80,20.70,61.70,0.77,9.55,28.14,-0.13,43,16.50,0.14,38.00,Medium,true
203,MANDI,HIMACHAL PRADESH,66.16056572379367,65.52967276760954,65.8451192457016,High,Both equally,86.60,94.10,87.00,41.30,82.81,99.00,99.70,74.80,31.30,19.90,21.30,52.20,1.03,9.38,17.18,-0.23,4,29.38,1.28,74.00,High,true
685,RUDRAPRAYAG,UTTARAKHAND,82.69550748752081,57.84803105934554,70.27176927343318,High,Health-driven,86.60,91.40,86.80,76.60,82.09,72.60,99.50,84.40,25.20,8.00,10.90,52.40,1.50,9.17,24.03,0.22,-2,19.68,0.16,8.00,High,true
417,KOHIMA,NAGALAND,55.59484193011646,58.9018302828619,57.24833610648918,Medium,Both equally,66.90,82.80,87.40,26.70,85.58,64.10,84.10,96.90,28.30,26.90,22.10,38.40,1.49,9.12,7.72,-0.38,1,0.00,83.86,1.00,Medium,true
196,BILASPUR,HIMACHAL PRADESH,60.81530782029951,63.72712146422629,62.271214642262905,Medium,Both equally,91.70,100.00,80.80,35.40,85.67,98.80,100.00,84.00,40.10,12.00,38.80,44.80,1.96,8.79,13.49,-0.28,0,25.92,2.80,20.00,Medium,true
418,LONGLENG,NAGALAND,48.48169717138103,50.13865779256795,49.31017748197449,Medium,Both equally,38.70,53.00,86.60,38.30,71.10,28.70,100.00,95.70,34.10,19.80,25.70,40.40,4.14,8.77,10.16,-1.20,0,0.00,96.30,2.00,Medium,true
681,GARHWAL,UTTARAKHAND,65.55740432612312,59.73377703826955,62.645590682196335,Medium,Health-driven,76.00,76.00,83.30,62.70,82.59,64.60,94.10,67.80,30.00,12.00,18.80,57.20,0.51,8.77,19.92,0.03,30,17.80,0.32,45.00,Medium,true
678,CHAMOLI,UTTARAKHAND,62.14642262895175,56.65557404326123,59.40099833610649,Medium,Health-driven,73.90,85.00,87.60,71.10,83.48,40.20,98.50,73.50,34.10,16.20,21.60,65.50,0.98,8.63,20.98,-0.32,10,20.25,3.13,14.00,Medium,true
299,LAKSHADWEEP,LAKSHADWEEP,75.64475873544093,63.533000554631165,69.58887964503604,High,Health-driven,99.60,86.10,99.80,60.10,92.28,100.00,100.00,80.50,32.00,17.40,25.80,43.10,3.18,8.53,7.86,-0.98,0,0.00,94.80,0.00,High,true
684,PITHORAGARH,UTTARAKHAND,79.15973377703827,52.35718247365502,65.75845812534665,High,Health-driven,84.90,96.00,84.50,72.80,82.93,48.00,93.00,75.50,25.60,12.40,20.60,36.20,1.15,8.41,20.48,-0.17,-133,24.90,4.04,17.00,High,true
1,NICOBARS,ANDAMAN & NICOBAR ISLANDS,61.5016638935108,62.67332224070992,62.08749306711036,Medium,Both equally,97.80,64.20,83.50,2.70,77.50,78.90,100.00,86.00,21.60,15.70,24.60,37.70,1.20,8.18,11.95,-1.29,0,0.00,64.28,2.00,Medium,true
31,TAWANG,ARUNACHAL PRADESH,53.681364392678866,29.145867997781476,41.41361619523017,Medium,Health-driven,84.20,67.50,81.70,33.50,60.61,51.70,82.80,60.90,30.40,7.10,9.00,89.60,3.85,8.11,19.79,0.21,3,0.00,69.65,0.00,Medium,true
204,SHIMLA,HIMACHAL PRADESH,74.89600665557404,73.73821408763172,74.31711037160288,High,Both equally,92.20,96.50,87.30,37.10,84.55,74.20,100.00,99.70,27.10,15.50,14.90,59.10,1.47,8.08,12.93,-0.47,21,26.51,1.08,37.00,High,true
595,KHOWAI,TRIPURA,41.722129783693845,46.089850249584025,43.90599001663894,Medium,Both equally,95.70,60.70,67.80,44.10,null,27.20,97.50,86.30,47.00,16.60,24.70,73.40,0.58,7.97,null,-0.16,-1,null,null,5.00,Medium,true
19,DIBANG VALLEY,ARUNACHAL PRADESH,61.43926788685524,34.05435385468663,47.746810870770936,Medium,Health-driven,85.50,90.70,95.00,28.70,64.80,33.30,86.70,90.00,16.90,18.10,16.00,88.60,4.58,7.81,10.29,-2.28,-1,0.00,71.23,0.00,Medium,true
48,DIMA HASAO,ASSAM,49.66722129783693,32.75097060454798,41.20909595119245,Medium,Health-driven,89.50,63.60,83.80,61.90,78.99,12.00,36.80,81.70,30.60,23.60,21.70,73.10,6.38,7.73,13.19,-1.09,41,2.03,70.92,17.00,Low,false
419,MOKOKCHUNG,NAGALAND,66.05657237936772,57.18247365501941,61.619523017193565,Medium,Health-driven,51.50,92.00,96.70,22.30,92.68,69.00,88.40,96.50,31.40,11.70,22.90,35.50,2.39,6.9,1.81,-0.30,1,0.00,91.68,2.00,Medium,true
200,KINNAUR,HIMACHAL PRADESH,59.27620632279535,73.40543538546866,66.340820854132,High,Education-driven,82.70,91.70,80.10,35.90,80.77,97.80,100.00,97.80,32.20,11.30,18.90,75.60,1.32,5.92,17.03,-0.19,0,17.53,57.95,0.00,High,true
202,LAHUL & SPITI,HIMACHAL PRADESH,46.50582362728785,46.67221297836937,46.58901830282861,Medium,Both equally,86.40,77.90,61.70,31.20,77.24,63.70,98.60,61.50,28.50,16.30,18.40,91.00,2.50,2.93,20.47,-0.14,-3,7.08,81.44,0.00,Medium,true
